Chidamber-Kemerer metrics,Sex, 27 out 2017 14:46:48 BRST
Class,CBO,DIT,LCOM,NOC,RFC,WMC
"DocTaglet",3,1,9,2,21,13
"ManualTaglet",1,2,3,0,5,4
"ServerReleaseTaglet",1,2,4,0,6,4
"category.Async",n/a,n/a,n/a,n/a,0,n/a
"category.ReplicaSet",n/a,n/a,n/a,n/a,0,n/a
"category.Slow",n/a,n/a,n/a,n/a,0,n/a
"category.SlowUnit",n/a,n/a,n/a,n/a,0,n/a
"com.mongodb.AcknowledgedBulkWriteResult",4,2,6,0,19,21
"com.mongodb.AggregateIterableImpl",21,2,2,0,58,23
"com.mongodb.AggregationOptions",6,1,7,0,11,9
"com.mongodb.AggregationOptions.Builder",6,1,7,0,10,8
"com.mongodb.AggregationOptions.OutputMode",4,n/a,0,n/a,0,0
"com.mongodb.AggregationOutput",3,1,1,0,2,2
"com.mongodb.AuthenticationMechanism",9,n/a,2,n/a,9,6
"com.mongodb.BSONTimestampCodec",8,1,3,0,11,3
"com.mongodb.BasicDBList",11,5,2,0,9,7
"com.mongodb.BasicDBObject",85,5,6,12,42,19
"com.mongodb.BasicDBObjectBuilder",8,1,2,0,29,13
"com.mongodb.BasicDBObjectFactory",4,1,2,0,3,2
"com.mongodb.Block",n/a,n/a,n/a,n/a,1,n/a
"com.mongodb.BulkUpdateRequestBuilder",8,1,1,0,10,7
"com.mongodb.BulkWriteError",4,1,4,0,14,14
"com.mongodb.BulkWriteException",7,6,3,0,17,16
"com.mongodb.BulkWriteHelper",22,1,1,0,43,12
"com.mongodb.BulkWriteOperation",12,1,1,0,21,10
"com.mongodb.BulkWriteRequestBuilder",7,1,1,0,16,10
"com.mongodb.BulkWriteResult",8,1,7,2,7,0
"com.mongodb.BulkWriteUpsert",5,1,2,0,9,10
"com.mongodb.Bytes",15,2,1,0,1,16
"com.mongodb.Bytes.OptionHolder",3,1,1,0,5,7
"com.mongodb.ChangeStreamIterableImpl",20,2,2,0,28,14
"com.mongodb.ClientSession",n/a,n/a,n/a,n/a,9,n/a
"com.mongodb.ClientSessionBinding",12,1,2,0,19,10
"com.mongodb.ClientSessionBinding.SessionBindingConnectionSource",6,1,2,0,13,7
"com.mongodb.ClientSessionContext",7,1,2,0,19,10
"com.mongodb.ClientSessionOptions",7,1,4,0,6,5
"com.mongodb.ClientSessionOptions.Builder",4,1,4,0,6,5
"com.mongodb.CommandResult",14,6,2,0,13,11
"com.mongodb.CompoundDBObjectCodec",10,1,3,0,9,7
"com.mongodb.ConnectionString",25,1,5,0,135,219
"com.mongodb.Cursor",n/a,n/a,n/a,n/a,3,n/a
"com.mongodb.CursorType",8,n/a,1,n/a,1,3
"com.mongodb.DB",72,1,2,0,136,83
"com.mongodb.DBAddress",2,2,6,0,33,22
"com.mongodb.DBCallback",n/a,n/a,n/a,n/a,0,n/a
"com.mongodb.DBCallbackFactory",n/a,n/a,n/a,n/a,1,n/a
"com.mongodb.DBCollection",142,1,5,0,501,255
"com.mongodb.DBCollectionObjectFactory",9,1,1,0,24,15
"com.mongodb.DBCursor",39,1,3,0,172,116
"com.mongodb.DBCursor.IteratorOrArray",1,n/a,0,n/a,0,0
"com.mongodb.DBCursor.OptionalFinalizer",5,1,1,0,5,4
"com.mongodb.DBDecoder",n/a,n/a,n/a,n/a,3,n/a
"com.mongodb.DBDecoderAdapter",14,1,1,0,14,2
"com.mongodb.DBDecoderAdapter.BufferExposingByteArrayOutputStream",1,3,1,0,3,2
"com.mongodb.DBDecoderFactory",n/a,n/a,n/a,n/a,1,n/a
"com.mongodb.DBEncoder",n/a,n/a,n/a,n/a,1,n/a
"com.mongodb.DBEncoderAdapter",14,1,2,0,14,3
"com.mongodb.DBEncoderFactory",n/a,n/a,n/a,n/a,1,n/a
"com.mongodb.DBEncoderFactoryAdapter",8,1,2,0,6,3
"com.mongodb.DBObject",n/a,n/a,n/a,n/a,2,n/a
"com.mongodb.DBObjectCodec",40,1,3,0,98,60
"com.mongodb.DBObjectCodecProvider",11,1,1,0,10,10
"com.mongodb.DBObjectCollationHelper",10,1,1,0,19,22
"com.mongodb.DBObjectFactory",n/a,n/a,n/a,n/a,2,n/a
"com.mongodb.DBObjects",12,1,1,0,8,2
"com.mongodb.DBRef",19,1,3,0,14,16
"com.mongodb.DBRefCodec",10,1,3,0,16,5
"com.mongodb.DBRefCodecProvider",7,1,1,0,5,6
"com.mongodb.DefaultDBCallback",12,2,3,0,21,11
"com.mongodb.DefaultDBDecoder",13,2,1,0,11,5
"com.mongodb.DefaultDBEncoder",13,2,1,0,15,6
"com.mongodb.DistinctIterableImpl",15,2,2,0,18,7
"com.mongodb.DocumentToDBRefTransformer",5,1,1,0,7,7
"com.mongodb.DuplicateKeyException",10,7,0,0,2,1
"com.mongodb.ErrorCategory",4,n/a,1,n/a,3,3
"com.mongodb.ExplainVerbosity",9,n/a,0,n/a,0,0
"com.mongodb.FindIterableImpl",18,2,1,0,108,29
"com.mongodb.Function",n/a,n/a,n/a,n/a,1,n/a
"com.mongodb.GroupCommand",11,1,1,0,20,15
"com.mongodb.InsertOptions",5,1,4,0,8,8
"com.mongodb.InsertRequest",8,2,1,0,5,3
"com.mongodb.LazyDBCallback",10,3,3,0,14,5
"com.mongodb.LazyDBDecoder",8,2,1,0,8,5
"com.mongodb.LazyDBEncoder",7,1,0,0,4,2
"com.mongodb.LazyDBList",5,3,1,0,6,4
"com.mongodb.LazyDBObject",7,2,1,0,6,4
"com.mongodb.ListCollectionsIterableImpl",14,2,2,0,17,8
"com.mongodb.ListDatabasesIterableImpl",12,2,2,0,11,4
"com.mongodb.ListIndexesIterableImpl",13,2,2,0,13,5
"com.mongodb.MapReduceCommand",8,1,4,0,37,45
"com.mongodb.MapReduceCommand.OutputType",4,n/a,0,n/a,0,0
"com.mongodb.MapReduceIterableImpl",22,2,2,0,70,30
"com.mongodb.MapReduceIterableImpl.WrappedMapReduceReadOperation",6,1,1,0,4,3
"com.mongodb.MapReduceOutput",8,1,4,0,27,17
"com.mongodb.MappingIterable",6,1,2,0,14,11
"com.mongodb.Mongo",83,1,7,1,178,99
"com.mongodb.Mongo.ClientSessionImpl",9,1,2,0,20,21
"com.mongodb.Mongo.Holder",4,1,2,0,11,6
"com.mongodb.Mongo.ServerCursorAndNamespace",3,1,0,0,1,1
"com.mongodb.MongoBatchCursorAdapter",7,1,2,0,19,14
"com.mongodb.MongoBulkWriteException",13,6,4,0,18,17
"com.mongodb.MongoChangeStreamException",3,5,0,0,2,1
"com.mongodb.MongoClient",57,2,4,0,66,32
"com.mongodb.MongoClientException",12,5,0,4,4,2
"com.mongodb.MongoClientOptions",33,1,38,0,94,108
"com.mongodb.MongoClientOptions.Builder",25,1,36,0,91,43
"com.mongodb.MongoClientURI",19,1,1,0,74,45
"com.mongodb.MongoCollectionImpl",76,1,1,0,332,170
"com.mongodb.MongoCommandException",37,6,4,0,23,7
"com.mongodb.MongoCompressor",16,1,5,0,22,14
"com.mongodb.MongoConfigurationException",3,6,0,0,2,1
"com.mongodb.MongoCredential",38,1,12,0,36,38
"com.mongodb.MongoCursorAdapter",6,1,1,0,14,7
"com.mongodb.MongoCursorNotFoundException",7,7,2,0,4,3
"com.mongodb.MongoDatabaseImpl",27,1,1,0,90,52
"com.mongodb.MongoException",52,4,2,9,9,8
"com.mongodb.MongoExecutionTimeoutException",7,5,0,0,2,1
"com.mongodb.MongoGridFSException",11,5,0,0,4,2
"com.mongodb.MongoIncompatibleDriverException",3,5,1,0,3,2
"com.mongodb.MongoInternalException",30,5,0,0,4,2
"com.mongodb.MongoInterruptedException",9,5,0,0,2,1
"com.mongodb.MongoIterableImpl",24,1,4,13,22,16
"com.mongodb.MongoMappingCursor",6,1,1,0,17,9
"com.mongodb.MongoNamespace",82,1,7,0,23,21
"com.mongodb.MongoNodeIsRecoveringException",4,6,0,0,2,1
"com.mongodb.MongoNotPrimaryException",6,6,0,0,2,1
"com.mongodb.MongoOptions",11,1,1,0,90,97
"com.mongodb.MongoQueryException",7,6,2,1,6,3
"com.mongodb.MongoSecurityException",13,6,1,0,5,3
"com.mongodb.MongoServerException",18,5,1,9,5,3
"com.mongodb.MongoSocketClosedException",3,6,0,0,2,1
"com.mongodb.MongoSocketException",12,5,1,5,5,3
"com.mongodb.MongoSocketOpenException",7,6,0,0,2,1
"com.mongodb.MongoSocketReadException",6,6,0,0,4,2
"com.mongodb.MongoSocketReadTimeoutException",7,6,0,0,2,1
"com.mongodb.MongoSocketWriteException",3,6,0,0,2,1
"com.mongodb.MongoTimeoutException",9,6,0,0,2,1
"com.mongodb.MongoURI",10,1,2,0,32,16
"com.mongodb.MongoWaitQueueFullException",4,6,0,0,2,1
"com.mongodb.MongoWriteConcernException",11,6,2,0,8,4
"com.mongodb.MongoWriteException",5,6,1,0,5,2
"com.mongodb.OperationExecutor",n/a,n/a,n/a,n/a,4,n/a
"com.mongodb.ParallelScanOptions",4,1,4,0,5,5
"com.mongodb.ParallelScanOptions.Builder",4,1,4,0,7,4
"com.mongodb.QueryBuilder",13,1,2,0,51,49
"com.mongodb.QueryBuilder.NullObject",1,1,0,0,0,0
"com.mongodb.QueryBuilder.QueryBuilderException",2,4,0,0,2,1
"com.mongodb.QueryOperators",1,1,0,0,1,1
"com.mongodb.ReadConcern",52,1,1,0,14,11
"com.mongodb.ReadConcernLevel",4,n/a,1,n/a,8,5
"com.mongodb.ReadPreference",110,1,16,2,54,46
"com.mongodb.ReadPreference.PrimaryReadPreference",5,2,4,0,15,9
"com.mongodb.ReflectionDBObject",8,1,5,4,40,22
"com.mongodb.ReflectionDBObject.FieldInfo",2,1,1,0,2,2
"com.mongodb.ReflectionDBObject.JavaWrapper",4,1,2,0,31,19
"com.mongodb.RemoveRequest",9,2,1,0,8,4
"com.mongodb.ReplaceRequest",10,2,1,0,10,6
"com.mongodb.ReplicaSetStatus",5,1,1,0,17,10
"com.mongodb.ServerAddress",125,1,4,2,36,27
"com.mongodb.ServerCursor",20,1,2,0,10,12
"com.mongodb.ServerSession",n/a,n/a,n/a,n/a,3,n/a
"com.mongodb.ServerSessionPool",21,1,1,0,35,14
"com.mongodb.ServerSessionPool.Clock",n/a,n/a,n/a,n/a,1,n/a
"com.mongodb.ServerSessionPool.ServerSessionImpl",6,1,3,0,9,7
"com.mongodb.ServerSessionPool.ServerSessionItemFactory",12,1,3,0,18,5
"com.mongodb.Tag",9,1,2,0,10,10
"com.mongodb.TagSet",18,1,1,0,22,14
"com.mongodb.TaggableReadPreference",17,2,3,2,62,52
"com.mongodb.TaggableReadPreference.NearestReadPreference",5,3,2,0,12,7
"com.mongodb.TaggableReadPreference.PrimaryPreferredReadPreference",6,4,2,0,9,5
"com.mongodb.TaggableReadPreference.SecondaryPreferredReadPreference",5,4,2,0,8,5
"com.mongodb.TaggableReadPreference.SecondaryReadPreference",7,3,2,2,12,7
"com.mongodb.UnacknowledgedBulkWriteResult",3,2,2,0,14,14
"com.mongodb.UpdateRequest",10,2,1,0,15,8
"com.mongodb.WriteConcern",77,1,4,1,66,65
"com.mongodb.WriteConcern.Majority",1,2,0,0,3,2
"com.mongodb.WriteConcernError",4,1,3,0,13,12
"com.mongodb.WriteConcernException",15,6,2,1,21,14
"com.mongodb.WriteConcernResult",23,1,1,2,6,28
"com.mongodb.WriteError",10,1,3,1,16,14
"com.mongodb.WriteRequest",7,1,1,4,1,0
"com.mongodb.WriteResult",5,1,2,0,10,11
"com.mongodb.annotations.Beta",n/a,n/a,n/a,n/a,0,n/a
"com.mongodb.annotations.Immutable",n/a,n/a,n/a,n/a,0,n/a
"com.mongodb.annotations.NotThreadSafe",n/a,n/a,n/a,n/a,0,n/a
"com.mongodb.annotations.ThreadSafe",n/a,n/a,n/a,n/a,0,n/a
"com.mongodb.assertions.Assertions",255,1,5,0,9,11
"com.mongodb.async.AsyncBatchCursor",n/a,n/a,n/a,n/a,6,n/a
"com.mongodb.async.SingleResultCallback",n/a,n/a,n/a,n/a,1,n/a
"com.mongodb.async.client.AbstractSubscription",5,1,1,3,28,38
"com.mongodb.async.client.AggregateIterable",n/a,n/a,n/a,n/a,10,n/a
"com.mongodb.async.client.AggregateIterableImpl",26,1,2,0,66,28
"com.mongodb.async.client.AwaitingWriteOperationIterable",11,1,2,0,18,29
"com.mongodb.async.client.ChangeStreamIterable",n/a,n/a,n/a,n/a,6,n/a
"com.mongodb.async.client.ChangeStreamIterableImpl",22,1,2,0,35,17
"com.mongodb.async.client.DistinctIterable",n/a,n/a,n/a,n/a,4,n/a
"com.mongodb.async.client.DistinctIterableImpl",18,1,3,0,26,12
"com.mongodb.async.client.FindIterable",n/a,n/a,n/a,n/a,22,n/a
"com.mongodb.async.client.FindIterableImpl",23,1,2,0,109,33
"com.mongodb.async.client.FlatteningSingleResultCallbackSubscription",5,2,1,0,6,5
"com.mongodb.async.client.ListCollectionsIterable",n/a,n/a,n/a,n/a,3,n/a
"com.mongodb.async.client.ListCollectionsIterableImpl",16,1,2,0,27,14
"com.mongodb.async.client.ListDatabasesIterable",n/a,n/a,n/a,n/a,2,n/a
"com.mongodb.async.client.ListDatabasesIterableImpl",14,1,3,0,22,11
"com.mongodb.async.client.ListIndexesIterable",n/a,n/a,n/a,n/a,2,n/a
"com.mongodb.async.client.ListIndexesIterableImpl",15,1,2,0,23,11
"com.mongodb.async.client.MapReduceIterable",n/a,n/a,n/a,n/a,17,n/a
"com.mongodb.async.client.MapReduceIterableImpl",27,1,2,0,75,33
"com.mongodb.async.client.MappingAsyncBatchCursor",4,1,1,0,14,12
"com.mongodb.async.client.MappingIterable",17,1,2,0,12,17
"com.mongodb.async.client.MongoClient",n/a,n/a,n/a,n/a,6,n/a
"com.mongodb.async.client.MongoClientImpl",28,1,2,0,27,18
"com.mongodb.async.client.MongoClientSettings",20,1,17,0,21,18
"com.mongodb.async.client.MongoClientSettings.Builder",23,1,16,0,54,19
"com.mongodb.async.client.MongoClients",41,1,2,0,78,22
"com.mongodb.async.client.MongoCollection",n/a,n/a,n/a,n/a,61,n/a
"com.mongodb.async.client.MongoCollectionImpl",79,1,1,0,253,116
"com.mongodb.async.client.MongoDatabase",n/a,n/a,n/a,n/a,23,n/a
"com.mongodb.async.client.MongoDatabaseImpl",28,1,1,0,73,34
"com.mongodb.async.client.MongoIterable",n/a,n/a,n/a,n/a,6,n/a
"com.mongodb.async.client.MongoIterableSubscription",6,2,1,0,15,17
"com.mongodb.async.client.NettyMongoClients",6,1,1,0,8,3
"com.mongodb.async.client.Observable",n/a,n/a,n/a,n/a,1,n/a
"com.mongodb.async.client.Observables",8,1,3,0,4,7
"com.mongodb.async.client.Observer",n/a,n/a,n/a,n/a,4,n/a
"com.mongodb.async.client.OperationIterable",18,1,3,0,13,23
"com.mongodb.async.client.SingleResultCallbackSubscription",5,2,1,0,6,5
"com.mongodb.async.client.Subscription",n/a,n/a,n/a,n/a,3,n/a
"com.mongodb.async.client.gridfs.AsyncInputStream",n/a,n/a,n/a,n/a,2,n/a
"com.mongodb.async.client.gridfs.AsyncOutputStream",n/a,n/a,n/a,n/a,2,n/a
"com.mongodb.async.client.gridfs.GridFSBucket",n/a,n/a,n/a,n/a,32,n/a
"com.mongodb.async.client.gridfs.GridFSBucketImpl",37,1,3,0,81,72
"com.mongodb.async.client.gridfs.GridFSBuckets",5,1,2,0,5,3
"com.mongodb.async.client.gridfs.GridFSDownloadStream",n/a,n/a,n/a,n/a,2,n/a
"com.mongodb.async.client.gridfs.GridFSDownloadStreamImpl",17,1,1,0,48,54
"com.mongodb.async.client.gridfs.GridFSFindIterable",n/a,n/a,n/a,n/a,8,n/a
"com.mongodb.async.client.gridfs.GridFSFindIterableImpl",11,1,1,0,27,14
"com.mongodb.async.client.gridfs.GridFSIndexCheck",n/a,n/a,n/a,n/a,1,n/a
"com.mongodb.async.client.gridfs.GridFSIndexCheckImpl",11,1,1,0,17,22
"com.mongodb.async.client.gridfs.GridFSUploadStream",n/a,n/a,n/a,n/a,3,n/a
"com.mongodb.async.client.gridfs.GridFSUploadStreamImpl",18,1,2,0,35,43
"com.mongodb.async.client.gridfs.helpers.AsyncStreamHelper",7,1,3,0,19,22
"com.mongodb.async.client.gridfs.helpers.AsynchronousChannelHelper",5,1,4,0,6,21
"com.mongodb.binding.AbstractReferenceCounted",13,1,1,12,8,5
"com.mongodb.binding.AsyncClusterBinding",16,2,3,0,11,9
"com.mongodb.binding.AsyncClusterBinding.AsyncClusterBindingConnectionSource",9,2,4,0,11,6
"com.mongodb.binding.AsyncConnectionSource",n/a,n/a,n/a,n/a,4,n/a
"com.mongodb.binding.AsyncReadBinding",n/a,n/a,n/a,n/a,4,n/a
"com.mongodb.binding.AsyncReadWriteBinding",n/a,n/a,n/a,n/a,1,n/a
"com.mongodb.binding.AsyncSingleConnectionReadBinding",13,2,5,0,14,7
"com.mongodb.binding.AsyncSingleConnectionReadBinding.AsyncSingleConnectionSource",8,2,5,0,13,7
"com.mongodb.binding.AsyncWriteBinding",n/a,n/a,n/a,n/a,3,n/a
"com.mongodb.binding.ClusterBinding",13,2,4,0,10,6
"com.mongodb.binding.ClusterBinding.ClusterBindingConnectionSource",10,2,4,0,12,6
"com.mongodb.binding.ConnectionSource",n/a,n/a,n/a,n/a,4,n/a
"com.mongodb.binding.ReadBinding",n/a,n/a,n/a,n/a,4,n/a
"com.mongodb.binding.ReadWriteBinding",n/a,n/a,n/a,n/a,1,n/a
"com.mongodb.binding.ReferenceCounted",n/a,n/a,n/a,n/a,3,n/a
"com.mongodb.binding.SingleConnectionReadBinding",12,2,5,0,13,7
"com.mongodb.binding.SingleConnectionReadBinding.SingleConnectionSource",7,2,5,0,12,7
"com.mongodb.binding.SingleServerBinding",11,2,5,0,11,7
"com.mongodb.binding.SingleServerBinding.SingleServerBindingConnectionSource",10,2,5,0,13,6
"com.mongodb.binding.WriteBinding",n/a,n/a,n/a,n/a,3,n/a
"com.mongodb.bulk.BulkWriteError",8,2,1,0,12,8
"com.mongodb.bulk.BulkWriteResult",18,1,1,2,11,41
"com.mongodb.bulk.BulkWriteUpsert",9,1,2,0,9,10
"com.mongodb.bulk.DeleteRequest",19,2,4,0,9,7
"com.mongodb.bulk.IndexRequest",9,1,20,0,45,44
"com.mongodb.bulk.InsertRequest",19,2,2,0,4,3
"com.mongodb.bulk.UpdateRequest",21,2,6,0,14,14
"com.mongodb.bulk.WriteConcernError",12,1,3,0,13,12
"com.mongodb.bulk.WriteRequest",23,1,1,3,2,1
"com.mongodb.bulk.WriteRequest.Type",21,n/a,0,n/a,0,0
"com.mongodb.client.AggregateIterable",n/a,n/a,n/a,n/a,10,n/a
"com.mongodb.client.ChangeStreamIterable",n/a,n/a,n/a,n/a,6,n/a
"com.mongodb.client.DistinctIterable",n/a,n/a,n/a,n/a,4,n/a
"com.mongodb.client.FindIterable",n/a,n/a,n/a,n/a,22,n/a
"com.mongodb.client.ListCollectionsIterable",n/a,n/a,n/a,n/a,3,n/a
"com.mongodb.client.ListDatabasesIterable",n/a,n/a,n/a,n/a,2,n/a
"com.mongodb.client.ListIndexesIterable",n/a,n/a,n/a,n/a,2,n/a
"com.mongodb.client.MapReduceIterable",n/a,n/a,n/a,n/a,17,n/a
"com.mongodb.client.MongoCollection",n/a,n/a,n/a,n/a,111,n/a
"com.mongodb.client.MongoCursor",n/a,n/a,n/a,n/a,6,n/a
"com.mongodb.client.MongoDatabase",n/a,n/a,n/a,n/a,35,n/a
"com.mongodb.client.MongoDriverInformation",9,1,5,0,8,6
"com.mongodb.client.MongoDriverInformation.Builder",4,1,1,0,18,8
"com.mongodb.client.MongoIterable",n/a,n/a,n/a,n/a,6,n/a
"com.mongodb.client.gridfs.GridFSBucket",n/a,n/a,n/a,n/a,36,n/a
"com.mongodb.client.gridfs.GridFSBucketImpl",33,1,3,0,113,62
"com.mongodb.client.gridfs.GridFSBuckets",5,1,2,0,5,3
"com.mongodb.client.gridfs.GridFSDownloadStream",5,2,10,1,10,0
"com.mongodb.client.gridfs.GridFSDownloadStreamImpl",13,3,3,0,43,41
"com.mongodb.client.gridfs.GridFSFindIterable",n/a,n/a,n/a,n/a,8,n/a
"com.mongodb.client.gridfs.GridFSFindIterableImpl",10,1,1,0,27,14
"com.mongodb.client.gridfs.GridFSUploadStream",6,2,9,1,9,1
"com.mongodb.client.gridfs.GridFSUploadStreamImpl",13,3,1,0,33,23
"com.mongodb.client.gridfs.codecs.GridFSFileCodec",22,1,2,0,45,9
"com.mongodb.client.gridfs.codecs.GridFSFileCodecProvider",7,1,1,0,3,2
"com.mongodb.client.gridfs.model.GridFSDownloadByNameOptions",2,1,1,0,3,3
"com.mongodb.client.gridfs.model.GridFSDownloadOptions",8,1,1,0,3,3
"com.mongodb.client.gridfs.model.GridFSFile",23,1,8,0,34,36
"com.mongodb.client.gridfs.model.GridFSUploadOptions",9,1,2,0,5,5
"com.mongodb.client.jndi.MongoClientFactory",5,1,1,0,15,9
"com.mongodb.client.model.Accumulators",4,1,1,0,14,12
"com.mongodb.client.model.Aggregates",29,1,21,0,52,32
"com.mongodb.client.model.Aggregates.AddFieldsStage",8,1,1,0,12,4
"com.mongodb.client.model.Aggregates.BucketAutoStage",10,1,1,0,18,4
"com.mongodb.client.model.Aggregates.BucketStage",9,1,1,0,17,5
"com.mongodb.client.model.Aggregates.FacetStage",8,1,1,0,14,5
"com.mongodb.client.model.Aggregates.GraphLookupStage",8,1,1,0,15,5
"com.mongodb.client.model.Aggregates.GroupStage",8,1,1,0,13,4
"com.mongodb.client.model.Aggregates.ReplaceRootStage",7,1,1,0,10,3
"com.mongodb.client.model.Aggregates.SimplePipelineStage",4,1,1,0,5,3
"com.mongodb.client.model.Aggregates.SortByCountStage",7,1,1,0,10,3
"com.mongodb.client.model.BsonField",7,1,2,0,5,4
"com.mongodb.client.model.BucketAutoOptions",4,1,2,0,7,6
"com.mongodb.client.model.BucketGranularity",2,n/a,1,n/a,8,6
"com.mongodb.client.model.BucketOptions",3,1,2,0,7,6
"com.mongodb.client.model.BuildersHelper",27,1,1,0,9,4
"com.mongodb.client.model.BulkWriteOptions",7,1,2,0,4,4
"com.mongodb.client.model.Collation",86,1,3,0,33,50
"com.mongodb.client.model.Collation.Builder",9,1,10,0,22,12
"com.mongodb.client.model.CollationAlternate",6,n/a,1,n/a,7,6
"com.mongodb.client.model.CollationCaseFirst",6,n/a,1,n/a,7,6
"com.mongodb.client.model.CollationMaxVariable",6,n/a,1,n/a,7,6
"com.mongodb.client.model.CollationStrength",6,n/a,2,n/a,4,9
"com.mongodb.client.model.CountOptions",9,1,6,0,14,12
"com.mongodb.client.model.CreateCollectionOptions",12,1,9,0,19,18
"com.mongodb.client.model.CreateViewOptions",5,1,1,0,2,2
"com.mongodb.client.model.DBCollectionCountOptions",7,1,7,0,22,19
"com.mongodb.client.model.DBCollectionDistinctOptions",5,1,4,0,9,9
"com.mongodb.client.model.DBCollectionFindAndModifyOptions",5,1,11,0,26,23
"com.mongodb.client.model.DBCollectionFindOptions",9,1,1,0,36,32
"com.mongodb.client.model.DBCollectionRemoveOptions",4,1,3,0,7,7
"com.mongodb.client.model.DBCollectionUpdateOptions",5,1,7,0,15,15
"com.mongodb.client.model.DBCreateViewOptions",2,1,1,0,2,2
"com.mongodb.client.model.DeleteManyModel",6,2,2,0,5,4
"com.mongodb.client.model.DeleteOneModel",8,2,2,0,5,4
"com.mongodb.client.model.DeleteOptions",9,1,1,0,2,2
"com.mongodb.client.model.Facet",3,1,2,0,5,4
"com.mongodb.client.model.Field",3,1,2,0,10,10
"com.mongodb.client.model.Filters",40,1,43,0,83,61
"com.mongodb.client.model.Filters.AndFilter",7,1,1,0,30,19
"com.mongodb.client.model.Filters.GeometryOperatorFilter",8,1,1,0,13,6
"com.mongodb.client.model.Filters.IterableOperatorFilter",8,1,1,0,14,4
"com.mongodb.client.model.Filters.NotFilter",7,1,1,0,18,8
"com.mongodb.client.model.Filters.OperatorFilter",8,1,1,0,12,3
"com.mongodb.client.model.Filters.OrNorFilter",7,1,1,0,9,4
"com.mongodb.client.model.Filters.OrNorFilter.Operator",2,n/a,0,n/a,1,1
"com.mongodb.client.model.Filters.SimpleEncodingFilter",8,1,1,0,11,3
"com.mongodb.client.model.Filters.SimpleFilter",6,1,1,0,6,3
"com.mongodb.client.model.Filters.TextFilter",7,1,1,0,10,6
"com.mongodb.client.model.FindOneAndDeleteOptions",9,1,4,0,10,8
"com.mongodb.client.model.FindOneAndReplaceOptions",10,1,7,0,16,14
"com.mongodb.client.model.FindOneAndUpdateOptions",10,1,8,0,18,16
"com.mongodb.client.model.FindOptions",10,1,20,0,48,45
"com.mongodb.client.model.GraphLookupOptions",2,1,2,0,10,8
"com.mongodb.client.model.IndexModel",7,1,2,0,5,4
"com.mongodb.client.model.IndexOptionDefaults",5,1,1,0,2,2
"com.mongodb.client.model.IndexOptions",9,1,18,0,37,38
"com.mongodb.client.model.Indexes",9,1,5,0,21,18
"com.mongodb.client.model.InsertManyOptions",5,1,2,0,4,4
"com.mongodb.client.model.InsertOneModel",8,2,1,0,3,2
"com.mongodb.client.model.InsertOneOptions",4,1,1,0,2,2
"com.mongodb.client.model.MapReduceAction",4,n/a,1,n/a,2,2
"com.mongodb.client.model.ParallelCollectionScanOptions",0,1,1,0,2,2
"com.mongodb.client.model.Projections",14,1,9,0,27,16
"com.mongodb.client.model.Projections.ElemMatchFilterProjection",4,1,1,0,5,3
"com.mongodb.client.model.Projections.FieldsProjection",4,1,1,0,9,5
"com.mongodb.client.model.PushOptions",3,1,3,0,10,13
"com.mongodb.client.model.RenameCollectionOptions",4,1,1,0,2,2
"com.mongodb.client.model.ReplaceOneModel",8,2,3,0,6,5
"com.mongodb.client.model.ReturnDocument",6,n/a,0,n/a,0,0
"com.mongodb.client.model.SimpleExpression",8,1,1,0,10,3
"com.mongodb.client.model.Sorts",11,1,3,0,17,10
"com.mongodb.client.model.Sorts.CompoundSort",4,1,1,0,8,5
"com.mongodb.client.model.TextSearchOptions",4,1,3,0,7,7
"com.mongodb.client.model.UnwindOptions",1,1,2,0,4,4
"com.mongodb.client.model.UpdateManyModel",8,2,3,0,6,5
"com.mongodb.client.model.UpdateOneModel",10,2,3,0,6,5
"com.mongodb.client.model.UpdateOptions",11,1,4,0,8,8
"com.mongodb.client.model.Updates",24,1,22,0,43,33
"com.mongodb.client.model.Updates.CompositeUpdate",5,1,1,0,11,7
"com.mongodb.client.model.Updates.PullAllUpdate",8,1,1,0,13,4
"com.mongodb.client.model.Updates.PushUpdate",8,2,1,0,12,7
"com.mongodb.client.model.Updates.SimpleUpdate",8,1,1,0,11,3
"com.mongodb.client.model.Updates.WithEachUpdate",9,1,2,1,15,6
"com.mongodb.client.model.ValidationAction",4,n/a,1,n/a,8,5
"com.mongodb.client.model.ValidationLevel",4,n/a,1,n/a,8,5
"com.mongodb.client.model.ValidationOptions",7,1,3,0,6,6
"com.mongodb.client.model.WriteModel",14,1,0,6,1,1
"com.mongodb.client.model.changestream.ChangeStreamDocument",12,1,6,0,21,19
"com.mongodb.client.model.changestream.ChangeStreamDocumentCodec",21,1,2,0,18,4
"com.mongodb.client.model.changestream.FullDocument",6,n/a,1,n/a,7,6
"com.mongodb.client.model.changestream.OperationType",3,n/a,1,n/a,8,7
"com.mongodb.client.model.changestream.OperationTypeCodec",7,1,3,0,7,3
"com.mongodb.client.model.changestream.UpdateDescription",3,1,2,0,11,14
"com.mongodb.client.model.geojson.CoordinateReferenceSystem",12,1,1,1,1,0
"com.mongodb.client.model.geojson.CoordinateReferenceSystemType",3,n/a,1,n/a,2,2
"com.mongodb.client.model.geojson.GeoJsonObjectType",9,n/a,1,n/a,2,2
"com.mongodb.client.model.geojson.Geometry",23,1,3,8,20,12
"com.mongodb.client.model.geojson.GeometryCollection",8,2,2,0,18,12
"com.mongodb.client.model.geojson.LineString",9,2,2,0,19,12
"com.mongodb.client.model.geojson.MultiLineString",9,2,2,0,18,13
"com.mongodb.client.model.geojson.MultiPoint",9,2,2,0,18,12
"com.mongodb.client.model.geojson.MultiPolygon",9,2,2,0,18,12
"com.mongodb.client.model.geojson.NamedCoordinateReferenceSystem",6,2,2,0,10,9
"com.mongodb.client.model.geojson.Point",10,2,2,0,16,13
"com.mongodb.client.model.geojson.Polygon",10,2,2,0,22,16
"com.mongodb.client.model.geojson.PolygonCoordinates",7,1,2,0,19,12
"com.mongodb.client.model.geojson.Position",9,1,1,0,16,10
"com.mongodb.client.model.geojson.codecs.AbstractGeometryCodec",17,1,2,8,6,4
"com.mongodb.client.model.geojson.codecs.GeoJsonCodecProvider",24,1,1,0,10,10
"com.mongodb.client.model.geojson.codecs.GeometryCodec",4,2,0,0,2,1
"com.mongodb.client.model.geojson.codecs.GeometryCollectionCodec",4,2,0,0,2,1
"com.mongodb.client.model.geojson.codecs.GeometryDecoderHelper",18,1,1,0,61,114
"com.mongodb.client.model.geojson.codecs.GeometryEncoderHelper",17,1,1,0,38,30
"com.mongodb.client.model.geojson.codecs.LineStringCodec",4,2,0,0,2,1
"com.mongodb.client.model.geojson.codecs.MultiLineStringCodec",4,2,0,0,2,1
"com.mongodb.client.model.geojson.codecs.MultiPointCodec",4,2,0,0,2,1
"com.mongodb.client.model.geojson.codecs.MultiPolygonCodec",4,2,0,0,2,1
"com.mongodb.client.model.geojson.codecs.NamedCoordinateReferenceSystemCodec",11,1,3,0,12,4
"com.mongodb.client.model.geojson.codecs.PointCodec",4,2,0,0,2,1
"com.mongodb.client.model.geojson.codecs.PolygonCodec",4,2,0,0,2,1
"com.mongodb.client.result.DeleteResult",18,1,4,2,5,2
"com.mongodb.client.result.DeleteResult.AcknowledgedDeleteResult",1,2,2,0,7,9
"com.mongodb.client.result.DeleteResult.UnacknowledgedDeleteResult",1,2,2,0,7,7
"com.mongodb.client.result.UpdateResult",18,1,7,2,8,2
"com.mongodb.client.result.UpdateResult.AcknowledgedUpdateResult",2,2,4,0,15,19
"com.mongodb.client.result.UpdateResult.UnacknowledgedUpdateResult",2,2,3,0,11,11
"com.mongodb.connection.AbstractByteBufBsonDocument",14,3,7,2,35,38
"com.mongodb.connection.AbstractByteBufBsonDocument.Finder",n/a,n/a,n/a,n/a,2,n/a
"com.mongodb.connection.AbstractReferenceCounted",2,1,1,1,8,5
"com.mongodb.connection.AsyncCompletionHandler",n/a,n/a,n/a,n/a,2,n/a
"com.mongodb.connection.AsyncConnection",n/a,n/a,n/a,n/a,13,n/a
"com.mongodb.connection.AsyncWritableByteChannel",n/a,n/a,n/a,n/a,1,n/a
"com.mongodb.connection.AsynchronousSocketChannelStream",14,1,2,0,38,24
"com.mongodb.connection.AsynchronousSocketChannelStream.AsyncWritableByteChannelAdapter",4,1,1,0,3,1
"com.mongodb.connection.AsynchronousSocketChannelStream.AsyncWritableByteChannelAdapter.WriteCompletionHandler",3,2,2,0,7,3
"com.mongodb.connection.AsynchronousSocketChannelStream.BaseCompletionHandler",4,1,1,3,4,2
"com.mongodb.connection.AsynchronousSocketChannelStream.BasicCompletionHandler",7,2,1,0,17,6
"com.mongodb.connection.AsynchronousSocketChannelStream.OpenCompletionHandler",4,2,2,0,9,4
"com.mongodb.connection.AsynchronousSocketChannelStreamFactory",12,1,1,0,8,4
"com.mongodb.connection.AsynchronousSocketChannelStreamFactoryFactory",6,1,2,0,5,4
"com.mongodb.connection.AsynchronousSocketChannelStreamFactoryFactory.Builder",1,1,2,0,3,2
"com.mongodb.connection.Authenticator",14,1,3,4,4,2
"com.mongodb.connection.BaseCluster",38,1,1,2,95,61
"com.mongodb.connection.BaseCluster.ServerSelectionRequest",5,1,2,0,6,4
"com.mongodb.connection.BaseCluster.WaitQueueHandler",4,1,1,0,15,6
"com.mongodb.connection.BaseQueryMessage",7,3,1,1,19,21
"com.mongodb.connection.BsonWriterHelper",20,1,1,0,43,19
"com.mongodb.connection.BufferProvider",n/a,n/a,n/a,n/a,1,n/a
"com.mongodb.connection.BulkWriteBatchCombiner",11,1,1,0,51,33
"com.mongodb.connection.ByteBufBsonDocument",26,4,3,0,53,15
"com.mongodb.connection.ByteBufPayloadBsonDocument",12,4,2,0,41,18
"com.mongodb.connection.ByteBufferBsonOutput",20,3,1,0,42,28
"com.mongodb.connection.ByteBufferBsonOutput.BufferPositionPair",1,1,0,0,1,1
"com.mongodb.connection.ChangeEvent",7,1,2,0,10,12
"com.mongodb.connection.ChangeListener",n/a,n/a,n/a,n/a,1,n/a
"com.mongodb.connection.ClientMetadataHelper",13,1,2,0,59,36
"com.mongodb.connection.Cluster",n/a,n/a,n/a,n/a,6,n/a
"com.mongodb.connection.ClusterClock",12,1,1,0,5,6
"com.mongodb.connection.ClusterClockAdvancingSessionContext",6,1,1,0,19,9
"com.mongodb.connection.ClusterConnectionMode",24,n/a,0,n/a,0,0
"com.mongodb.connection.ClusterDescription",46,1,6,0,52,52
"com.mongodb.connection.ClusterDescription.Predicate",n/a,n/a,n/a,n/a,1,n/a
"com.mongodb.connection.ClusterFactory",n/a,n/a,n/a,n/a,1,n/a
"com.mongodb.connection.ClusterId",24,1,2,0,14,14
"com.mongodb.connection.ClusterSettings",29,1,5,0,32,40
"com.mongodb.connection.ClusterSettings.Builder",18,1,6,0,37,20
"com.mongodb.connection.ClusterType",23,n/a,0,n/a,0,0
"com.mongodb.connection.ClusterableServer",n/a,n/a,n/a,n/a,4,n/a
"com.mongodb.connection.ClusterableServerFactory",n/a,n/a,n/a,n/a,2,n/a
"com.mongodb.connection.CommandHelper",25,1,2,0,29,14
"com.mongodb.connection.CommandMessage",33,2,1,0,60,27
"com.mongodb.connection.CommandProtocol",n/a,n/a,n/a,n/a,3,n/a
"com.mongodb.connection.CommandProtocolImpl",17,1,1,0,28,11
"com.mongodb.connection.CommandResultBaseCallback",8,2,1,1,11,4
"com.mongodb.connection.CommandResultCallback",13,3,1,0,15,5
"com.mongodb.connection.CompositeByteBuf",6,1,9,0,72,57
"com.mongodb.connection.CompositeByteBuf.Component",2,1,0,0,3,1
"com.mongodb.connection.CompressedHeader",7,1,4,0,13,8
"com.mongodb.connection.CompressedMessage",10,2,1,0,16,5
"com.mongodb.connection.Compressor",11,1,3,2,23,9
"com.mongodb.connection.Compressor.BufferExposingByteArrayOutputStream",1,3,1,0,3,2
"com.mongodb.connection.Compressor.ByteBufInputStream",2,2,2,0,7,5
"com.mongodb.connection.Connection",n/a,n/a,n/a,n/a,13,n/a
"com.mongodb.connection.ConnectionDescription",85,1,4,0,33,25
"com.mongodb.connection.ConnectionFactory",n/a,n/a,n/a,n/a,2,n/a
"com.mongodb.connection.ConnectionId",20,1,1,0,19,17
"com.mongodb.connection.ConnectionPool",n/a,n/a,n/a,n/a,5,n/a
"com.mongodb.connection.ConnectionPoolSettings",19,1,7,0,23,26
"com.mongodb.connection.ConnectionPoolSettings.Builder",12,1,3,0,24,19
"com.mongodb.connection.DefaultAuthenticator",10,2,1,0,15,5
"com.mongodb.connection.DefaultClusterFactory",25,1,1,0,23,10
"com.mongodb.connection.DefaultClusterableServerFactory",24,1,1,0,10,3
"com.mongodb.connection.DefaultConnectionFactory",8,1,2,0,3,2
"com.mongodb.connection.DefaultConnectionPool",34,1,1,0,87,59
"com.mongodb.connection.DefaultConnectionPool.PooledConnection",17,1,1,0,41,23
"com.mongodb.connection.DefaultConnectionPool.UsageTrackingInternalConnectionItemFactory",10,1,2,0,24,13
"com.mongodb.connection.DefaultServer",34,1,1,0,33,15
"com.mongodb.connection.DefaultServer.DefaultServerProtocolExecutor",10,1,1,0,13,8
"com.mongodb.connection.DefaultServer.DefaultServerStateListener",6,1,1,0,4,1
"com.mongodb.connection.DefaultServerConnection",36,2,2,0,62,34
"com.mongodb.connection.DefaultServerMonitor",19,1,3,0,44,32
"com.mongodb.connection.DefaultServerMonitor.ServerMonitorRunnable",24,1,1,0,52,16
"com.mongodb.connection.DefaultServerMonitorFactory",12,1,1,0,4,2
"com.mongodb.connection.DeleteMessage",9,3,1,0,11,3
"com.mongodb.connection.DeleteProtocol",18,2,2,0,28,11
"com.mongodb.connection.DescriptionHelper",24,1,1,0,88,35
"com.mongodb.connection.ElementExtendingBsonWriter",5,2,1,0,7,3
"com.mongodb.connection.ExponentiallyWeightedMovingAverage",3,1,1,0,5,6
"com.mongodb.connection.FutureAsyncCompletionHandler",5,1,1,0,11,9
"com.mongodb.connection.GSSAPIAuthenticator",8,3,2,0,26,9
"com.mongodb.connection.GetMoreMessage",9,3,1,0,13,4
"com.mongodb.connection.GetMoreProtocol",31,1,1,0,59,18
"com.mongodb.connection.GetMoreProtocol.GetMoreResultCallback",16,2,1,0,29,9
"com.mongodb.connection.InsertMessage",10,3,1,0,11,3
"com.mongodb.connection.InsertProtocol",17,2,3,0,24,10
"com.mongodb.connection.InternalConnection",n/a,n/a,n/a,n/a,12,n/a
"com.mongodb.connection.InternalConnectionFactory",n/a,n/a,n/a,n/a,1,n/a
"com.mongodb.connection.InternalConnectionInitializer",n/a,n/a,n/a,n/a,2,n/a
"com.mongodb.connection.InternalStreamConnection",49,1,2,0,128,80
"com.mongodb.connection.InternalStreamConnection.CommandEventSender",17,1,1,0,36,16
"com.mongodb.connection.InternalStreamConnection.MessageHeaderCallback",7,1,1,0,9,4
"com.mongodb.connection.InternalStreamConnection.MessageHeaderCallback.MessageCallback",10,1,1,0,15,4
"com.mongodb.connection.InternalStreamConnectionFactory",24,1,2,0,18,11
"com.mongodb.connection.InternalStreamConnectionInitializer",19,1,1,0,33,27
"com.mongodb.connection.InternalStreamConnectionInitializer.CompoundAuthenticator",6,1,1,0,14,8
"com.mongodb.connection.KillCursorProtocol",20,1,1,0,43,22
"com.mongodb.connection.KillCursorsMessage",8,3,1,0,12,4
"com.mongodb.connection.LegacyMessage",12,2,1,6,6,3
"com.mongodb.connection.LegacyProtocol",n/a,n/a,n/a,n/a,3,n/a
"com.mongodb.connection.LevelCountingBsonWriter",11,1,1,2,98,50
"com.mongodb.connection.MessageHeader",11,1,4,0,8,6
"com.mongodb.connection.MessageSettings",22,1,5,0,6,6
"com.mongodb.connection.MessageSettings.Builder",8,1,5,0,6,5
"com.mongodb.connection.MultiServerCluster",25,2,1,0,91,76
"com.mongodb.connection.MultiServerCluster.DefaultServerStateListener",3,2,1,0,2,1
"com.mongodb.connection.MultiServerCluster.ServerTuple",3,1,0,0,1,1
"com.mongodb.connection.NativeAuthenticator",14,2,2,0,16,9
"com.mongodb.connection.OpCode",15,n/a,1,n/a,2,2
"com.mongodb.connection.PlainAuthenticator",10,3,1,0,12,7
"com.mongodb.connection.ProtocolExecutor",n/a,n/a,n/a,n/a,4,n/a
"com.mongodb.connection.ProtocolHelper",54,1,5,0,96,45
"com.mongodb.connection.QueryMessage",9,4,1,0,7,3
"com.mongodb.connection.QueryProtocol",35,1,1,0,99,56
"com.mongodb.connection.QueryProtocol.QueryResultCallback",13,2,1,0,25,7
"com.mongodb.connection.QueryResult",32,1,3,0,10,7
"com.mongodb.connection.ReplyHeader",18,1,7,0,25,16
"com.mongodb.connection.ReplyMessage",18,1,2,0,20,7
"com.mongodb.connection.RequestMessage",45,1,4,3,41,20
"com.mongodb.connection.RequestMessage.EncodingMetadata",14,1,1,0,2,2
"com.mongodb.connection.ResponseBuffers",27,1,2,0,9,8
"com.mongodb.connection.ResponseCallback",8,1,3,3,6,6
"com.mongodb.connection.SaslAuthenticator",22,2,1,3,31,26
"com.mongodb.connection.SaslAuthenticator.Continuator",6,1,1,0,10,7
"com.mongodb.connection.ScramSha1Authenticator",11,3,2,0,8,4
"com.mongodb.connection.ScramSha1Authenticator.DefaultRandomStringGenerator",2,1,1,0,4,3
"com.mongodb.connection.ScramSha1Authenticator.RandomStringGenerator",n/a,n/a,n/a,n/a,1,n/a
"com.mongodb.connection.ScramSha1Authenticator.ScramSha1SaslClient",7,1,7,0,53,28
"com.mongodb.connection.SendMessageCallback",9,1,1,0,9,5
"com.mongodb.connection.Server",n/a,n/a,n/a,n/a,3,n/a
"com.mongodb.connection.ServerConnectionState",18,n/a,0,n/a,0,0
"com.mongodb.connection.ServerDescription",79,1,18,0,75,100
"com.mongodb.connection.ServerDescription.Builder",25,1,23,0,32,27
"com.mongodb.connection.ServerId",41,1,2,0,12,10
"com.mongodb.connection.ServerMonitor",n/a,n/a,n/a,n/a,3,n/a
"com.mongodb.connection.ServerMonitorFactory",n/a,n/a,n/a,n/a,1,n/a
"com.mongodb.connection.ServerSettings",26,1,5,0,17,16
"com.mongodb.connection.ServerSettings.Builder",16,1,4,0,15,9
"com.mongodb.connection.ServerType",25,n/a,1,n/a,1,8
"com.mongodb.connection.ServerVersion",17,1,1,0,19,13
"com.mongodb.connection.SessionContext",n/a,n/a,n/a,n/a,8,n/a
"com.mongodb.connection.SingleServerCluster",21,2,2,0,36,11
"com.mongodb.connection.SingleServerCluster.DefaultServerStateListener",7,2,1,0,10,5
"com.mongodb.connection.SnappyCompressor",6,2,4,0,13,8
"com.mongodb.connection.SocketChannelStream",12,1,4,0,32,17
"com.mongodb.connection.SocketSettings",22,1,5,0,12,18
"com.mongodb.connection.SocketSettings.Builder",10,1,5,0,11,9
"com.mongodb.connection.SocketStream",12,1,4,0,28,16
"com.mongodb.connection.SocketStreamFactory",16,1,1,0,16,8
"com.mongodb.connection.SocketStreamHelper",7,1,1,0,21,7
"com.mongodb.connection.SplittablePayload",12,1,1,0,14,11
"com.mongodb.connection.SplittablePayload.Type",3,n/a,0,n/a,0,0
"com.mongodb.connection.SplittablePayloadBsonWriter",7,2,1,0,11,5
"com.mongodb.connection.SslSettings",18,1,4,0,14,17
"com.mongodb.connection.SslSettings.Builder",7,1,3,0,8,7
"com.mongodb.connection.Stream",n/a,n/a,n/a,n/a,9,n/a
"com.mongodb.connection.StreamFactory",n/a,n/a,n/a,n/a,1,n/a
"com.mongodb.connection.StreamFactoryFactory",n/a,n/a,n/a,n/a,1,n/a
"com.mongodb.connection.Time",1,1,1,0,5,5
"com.mongodb.connection.UpdateMessage",12,3,1,0,16,6
"com.mongodb.connection.UpdateProtocol",18,2,2,0,29,12
"com.mongodb.connection.UsageTrackingInternalConnection",16,1,2,0,33,22
"com.mongodb.connection.WriteCommandResultHelper",14,1,1,0,28,17
"com.mongodb.connection.WriteProtocol",24,1,2,3,46,22
"com.mongodb.connection.WriteProtocol.UnacknowledgedWriteResultCallback",6,1,1,0,7,3
"com.mongodb.connection.X509Authenticator",16,2,1,0,23,11
"com.mongodb.connection.ZlibCompressor",3,2,4,0,9,5
"com.mongodb.connection.netty.NettyBufferProvider",3,1,1,0,5,3
"com.mongodb.connection.netty.NettyByteBuf",3,1,2,0,66,41
"com.mongodb.connection.netty.NettyStream",15,1,1,0,76,55
"com.mongodb.connection.netty.NettyStream.FutureAsyncCompletionHandler",5,1,1,0,9,7
"com.mongodb.connection.netty.NettyStream.InboundBufferHandler",2,4,2,0,5,3
"com.mongodb.connection.netty.NettyStream.PendingReader",3,1,0,0,1,1
"com.mongodb.connection.netty.NettyStreamFactory",10,1,1,0,8,5
"com.mongodb.connection.netty.NettyStreamFactoryFactory",6,1,2,0,11,7
"com.mongodb.connection.netty.NettyStreamFactoryFactory.Builder",2,1,4,0,7,5
"com.mongodb.connection.netty.ReadTimeoutHandler",3,3,1,0,12,5
"com.mongodb.connection.netty.ReadTimeoutHandler.ReadTimeoutTask",1,1,1,0,6,3
"com.mongodb.diagnostics.logging.JULLogger",2,1,1,0,25,20
"com.mongodb.diagnostics.logging.Logger",n/a,n/a,n/a,n/a,16,n/a
"com.mongodb.diagnostics.logging.Loggers",41,1,2,0,10,5
"com.mongodb.diagnostics.logging.SLF4JLogger",2,1,1,0,34,17
"com.mongodb.event.ClusterClosedEvent",8,1,1,0,4,3
"com.mongodb.event.ClusterDescriptionChangedEvent",12,1,3,0,6,5
"com.mongodb.event.ClusterEventMulticaster",7,1,1,0,17,11
"com.mongodb.event.ClusterListener",n/a,n/a,n/a,n/a,3,n/a
"com.mongodb.event.ClusterListenerAdapter",4,1,3,1,3,3
"com.mongodb.event.ClusterOpeningEvent",9,1,1,0,4,3
"com.mongodb.event.CommandEvent",6,1,3,3,4,4
"com.mongodb.event.CommandEventMulticaster",8,1,1,0,17,11
"com.mongodb.event.CommandFailedEvent",10,2,2,0,6,3
"com.mongodb.event.CommandListener",n/a,n/a,n/a,n/a,3,n/a
"com.mongodb.event.CommandListenerMulticaster",5,1,1,0,10,5
"com.mongodb.event.CommandStartedEvent",10,2,2,0,4,3
"com.mongodb.event.CommandSucceededEvent",11,2,2,0,6,3
"com.mongodb.event.ConnectionAddedEvent",9,1,1,0,4,3
"com.mongodb.event.ConnectionCheckedInEvent",9,1,1,0,4,3
"com.mongodb.event.ConnectionCheckedOutEvent",9,1,1,0,4,3
"com.mongodb.event.ConnectionClosedEvent",3,1,1,0,4,3
"com.mongodb.event.ConnectionListener",n/a,n/a,n/a,n/a,4,n/a
"com.mongodb.event.ConnectionMessageReceivedEvent",3,1,3,0,6,5
"com.mongodb.event.ConnectionMessagesSentEvent",3,1,3,0,6,5
"com.mongodb.event.ConnectionOpenedEvent",3,1,1,0,4,3
"com.mongodb.event.ConnectionPoolClosedEvent",8,1,1,0,4,3
"com.mongodb.event.ConnectionPoolEventMulticaster",9,1,1,0,22,18
"com.mongodb.event.ConnectionPoolListener",n/a,n/a,n/a,n/a,8,n/a
"com.mongodb.event.ConnectionPoolListenerAdapter",11,1,8,3,8,8
"com.mongodb.event.ConnectionPoolOpenedEvent",10,1,2,0,5,4
"com.mongodb.event.ConnectionPoolWaitQueueEnteredEvent",9,1,1,0,3,3
"com.mongodb.event.ConnectionPoolWaitQueueExitedEvent",9,1,1,0,3,3
"com.mongodb.event.ConnectionRemovedEvent",9,1,1,0,4,3
"com.mongodb.event.ServerClosedEvent",9,1,1,0,4,3
"com.mongodb.event.ServerDescriptionChangedEvent",14,1,3,0,6,5
"com.mongodb.event.ServerEventMulticaster",7,1,1,0,17,11
"com.mongodb.event.ServerHeartbeatFailedEvent",7,1,3,0,9,5
"com.mongodb.event.ServerHeartbeatStartedEvent",7,1,1,0,5,3
"com.mongodb.event.ServerHeartbeatSucceededEvent",8,1,3,0,8,5
"com.mongodb.event.ServerListener",n/a,n/a,n/a,n/a,3,n/a
"com.mongodb.event.ServerListenerAdapter",6,1,3,8,3,3
"com.mongodb.event.ServerMonitorEventMulticaster",7,1,1,0,17,11
"com.mongodb.event.ServerMonitorListener",n/a,n/a,n/a,n/a,3,n/a
"com.mongodb.event.ServerMonitorListenerAdapter",4,1,3,6,3,3
"com.mongodb.event.ServerOpeningEvent",9,1,1,0,4,3
"com.mongodb.gridfs.CLI",11,1,1,0,32,20
"com.mongodb.gridfs.GridFS",12,1,7,0,56,39
"com.mongodb.gridfs.GridFSDBFile",10,2,2,0,21,10
"com.mongodb.gridfs.GridFSDBFile.GridFSInputStream",3,2,1,0,10,15
"com.mongodb.gridfs.GridFSFile",14,1,7,2,53,49
"com.mongodb.gridfs.GridFSInputFile",12,2,3,0,35,34
"com.mongodb.gridfs.GridFSInputFile.GridFSOutputStream",2,2,2,0,7,6
"com.mongodb.internal.HexUtils",3,1,1,0,14,6
"com.mongodb.internal.async.ErrorHandlingResultCallback",46,1,2,0,6,4
"com.mongodb.internal.authentication.NativeAuthenticationHelper",8,1,2,0,19,5
"com.mongodb.internal.connection.ConcurrentLinkedDeque",5,2,3,0,60,70
"com.mongodb.internal.connection.ConcurrentLinkedDeque.CLDIterator",3,1,1,0,9,7
"com.mongodb.internal.connection.ConcurrentLinkedDeque.Node",2,2,2,0,26,49
"com.mongodb.internal.connection.ConcurrentLinkedDeque.RemovalReportingIterator",n/a,n/a,n/a,n/a,1,n/a
"com.mongodb.internal.connection.ConcurrentPool",14,1,1,0,44,33
"com.mongodb.internal.connection.ConcurrentPool.ItemFactory",n/a,n/a,n/a,n/a,3,n/a
"com.mongodb.internal.connection.ConcurrentPool.Prune",8,n/a,0,n/a,0,0
"com.mongodb.internal.connection.IndexMap",4,1,4,2,6,2
"com.mongodb.internal.connection.IndexMap.HashBased",3,2,1,0,7,5
"com.mongodb.internal.connection.IndexMap.RangeBased",4,2,1,0,8,8
"com.mongodb.internal.connection.Java8SniSslHelper",2,1,1,0,8,2
"com.mongodb.internal.connection.NoOpSessionContext",28,1,8,0,10,9
"com.mongodb.internal.connection.Pool",n/a,n/a,n/a,n/a,5,n/a
"com.mongodb.internal.connection.PowerOfTwoBufferPool",9,1,1,0,20,13
"com.mongodb.internal.connection.PowerOfTwoBufferPool.PooledByteBufNIO",2,2,1,0,7,3
"com.mongodb.internal.connection.SniSslHelper",n/a,n/a,n/a,n/a,1,n/a
"com.mongodb.internal.connection.SslHelper",4,1,2,0,10,4
"com.mongodb.internal.event.ClusterListenerMulticaster",8,1,1,0,14,10
"com.mongodb.internal.event.CommandListenerMulticaster",8,1,1,0,14,10
"com.mongodb.internal.event.ConnectionPoolListenerMulticaster",13,1,1,0,24,25
"com.mongodb.internal.event.EventListenerHelper",20,1,5,0,20,22
"com.mongodb.internal.event.ServerListenerMulticaster",8,1,1,0,14,10
"com.mongodb.internal.event.ServerMonitorListenerMulticaster",8,1,1,0,14,10
"com.mongodb.internal.management.jmx.JMXMBeanServer",4,1,1,0,9,3
"com.mongodb.internal.thread.DaemonThreadFactory",2,1,1,0,6,2
"com.mongodb.internal.validator.CollectibleDocumentFieldNameValidator",6,1,2,0,7,5
"com.mongodb.internal.validator.MappedFieldNameValidator",5,1,1,0,6,4
"com.mongodb.internal.validator.NoOpFieldNameValidator",14,1,2,0,2,2
"com.mongodb.internal.validator.UpdateFieldNameValidator",5,1,2,0,3,2
"com.mongodb.management.ConnectionPoolStatistics",13,2,5,0,25,14
"com.mongodb.management.ConnectionPoolStatisticsMBean",n/a,n/a,n/a,n/a,7,n/a
"com.mongodb.management.JMXConnectionPoolListener",17,1,1,0,48,25
"com.mongodb.management.MBeanServer",n/a,n/a,n/a,n/a,2,n/a
"com.mongodb.management.MBeanServerFactory",4,1,1,0,2,2
"com.mongodb.management.NullMBeanServer",2,1,2,0,2,2
"com.mongodb.operation.AggregateExplainOperation",21,1,1,0,21,18
"com.mongodb.operation.AggregateOperation",42,1,1,0,58,47
"com.mongodb.operation.AggregateToCollectionOperation",27,1,1,0,45,32
"com.mongodb.operation.AsyncChangeStreamBatchCursor",14,1,1,0,22,23
"com.mongodb.operation.AsyncChangeStreamBatchCursor.AsyncBlock",n/a,n/a,n/a,n/a,1,n/a
"com.mongodb.operation.AsyncOperationExecutor",n/a,n/a,n/a,n/a,2,n/a
"com.mongodb.operation.AsyncQueryBatchCursor",31,1,1,0,64,44
"com.mongodb.operation.AsyncQueryBatchCursor.CommandResultSingleResultCallback",12,1,1,0,11,4
"com.mongodb.operation.AsyncQueryBatchCursor.QueryResultSingleResultCallback",7,1,1,0,6,3
"com.mongodb.operation.AsyncReadOperation",n/a,n/a,n/a,n/a,1,n/a
"com.mongodb.operation.AsyncSingleBatchQueryCursor",9,1,3,1,13,9
"com.mongodb.operation.AsyncWriteOperation",n/a,n/a,n/a,n/a,1,n/a
"com.mongodb.operation.BaseWriteOperation",31,1,1,3,51,35
"com.mongodb.operation.BatchCursor",n/a,n/a,n/a,n/a,8,n/a
"com.mongodb.operation.BsonArrayWrapper",5,3,25,0,37,33
"com.mongodb.operation.BsonDocumentWrapperHelper",10,1,2,0,6,4
"com.mongodb.operation.BulkWriteBatch",36,1,4,0,84,50
"com.mongodb.operation.BulkWriteBatch.WriteRequestEncoder",12,1,2,0,30,13
"com.mongodb.operation.BulkWriteBatch.WriteRequestWithIndex",3,1,1,0,3,2
"com.mongodb.operation.ChangeStreamBatchCursor",13,1,2,0,32,19
"com.mongodb.operation.ChangeStreamOperation",22,1,2,0,37,21
"com.mongodb.operation.CommandOperationHelper",56,1,4,0,70,46
"com.mongodb.operation.CommandOperationHelper.CommandProtocolExecutingCallback",12,1,1,0,4,7
"com.mongodb.operation.CommandOperationHelper.CommandTransformer",n/a,n/a,n/a,n/a,1,n/a
"com.mongodb.operation.CommandOperationHelper.IdentityTransformer",4,1,1,0,1,1
"com.mongodb.operation.CommandReadOperation",17,1,1,0,6,3
"com.mongodb.operation.CommandResultArrayCodec",11,2,1,0,15,6
"com.mongodb.operation.CommandResultCodecProvider",30,1,1,0,20,13
"com.mongodb.operation.CommandResultDocumentCodec",27,2,2,0,18,7
"com.mongodb.operation.CommandWriteOperation",12,1,1,0,6,3
"com.mongodb.operation.CountOperation",32,1,1,0,38,29
"com.mongodb.operation.CreateCollectionOperation",26,1,1,0,42,42
"com.mongodb.operation.CreateIndexesOperation",35,1,1,0,59,41
"com.mongodb.operation.CreateUserOperation",19,1,1,0,12,10
"com.mongodb.operation.CreateViewOperation",22,1,1,0,23,18
"com.mongodb.operation.CurrentOpOperation",12,1,1,0,2,3
"com.mongodb.operation.CursorHelper",7,1,2,0,7,6
"com.mongodb.operation.DeleteOperation",8,2,2,0,8,4
"com.mongodb.operation.DistinctOperation",36,1,1,0,32,24
"com.mongodb.operation.DocumentHelper",13,1,4,0,8,9
"com.mongodb.operation.DropCollectionOperation",22,1,1,0,13,11
"com.mongodb.operation.DropDatabaseOperation",21,1,1,0,12,9
"com.mongodb.operation.DropIndexOperation",22,1,1,0,17,13
"com.mongodb.operation.DropUserOperation",19,1,1,0,11,8
"com.mongodb.operation.ExplainHelper",7,1,1,0,8,7
"com.mongodb.operation.FindAndDeleteOperation",25,1,1,0,33,25
"com.mongodb.operation.FindAndModifyHelper",14,1,1,0,17,7
"com.mongodb.operation.FindAndReplaceOperation",29,1,1,0,46,34
"com.mongodb.operation.FindAndUpdateOperation",30,1,1,0,49,37
"com.mongodb.operation.FindOperation",56,1,1,0,107,137
"com.mongodb.operation.FindOperation.ExplainResultCallback",5,1,1,0,4,6
"com.mongodb.operation.FsyncUnlockOperation",13,1,1,0,13,7
"com.mongodb.operation.GroupOperation",29,1,1,0,32,33
"com.mongodb.operation.IndexHelper",6,1,1,0,13,6
"com.mongodb.operation.InsertOperation",9,2,2,0,8,4
"com.mongodb.operation.ListCollectionsOperation",46,1,1,0,58,40
"com.mongodb.operation.ListCollectionsOperation.ProjectingAsyncBatchCursor",4,1,1,0,13,11
"com.mongodb.operation.ListCollectionsOperation.ProjectingBatchCursor",5,1,1,0,20,10
"com.mongodb.operation.ListDatabasesOperation",30,1,1,0,20,15
"com.mongodb.operation.ListIndexesOperation",37,1,1,0,36,29
"com.mongodb.operation.MapReduceAsyncBatchCursor",n/a,n/a,n/a,n/a,1,n/a
"com.mongodb.operation.MapReduceBatchCursor",n/a,n/a,n/a,n/a,1,n/a
"com.mongodb.operation.MapReduceHelper",5,1,1,0,10,6
"com.mongodb.operation.MapReduceInlineResultsAsyncCursor",5,2,1,0,3,2
"com.mongodb.operation.MapReduceInlineResultsCursor",7,2,1,0,3,2
"com.mongodb.operation.MapReduceStatistics",9,1,4,0,5,5
"com.mongodb.operation.MapReduceToCollectionOperation",36,1,1,0,66,54
"com.mongodb.operation.MapReduceWithInlineResultsOperation",46,1,1,0,58,44
"com.mongodb.operation.MixedBulkWriteOperation",30,1,1,0,47,35
"com.mongodb.operation.OperationExecutor",n/a,n/a,n/a,n/a,2,n/a
"com.mongodb.operation.OperationHelper",80,1,12,0,90,80
"com.mongodb.operation.OperationHelper.AsyncCallableWithConnection",n/a,n/a,n/a,n/a,1,n/a
"com.mongodb.operation.OperationHelper.AsyncCallableWithConnectionAndSource",n/a,n/a,n/a,n/a,1,n/a
"com.mongodb.operation.OperationHelper.AsyncCallableWithConnectionAndSourceCallback",4,1,1,0,4,3
"com.mongodb.operation.OperationHelper.AsyncCallableWithConnectionCallback",4,1,1,0,4,3
"com.mongodb.operation.OperationHelper.CallableWithConnection",n/a,n/a,n/a,n/a,1,n/a
"com.mongodb.operation.OperationHelper.CallableWithConnectionAndSource",n/a,n/a,n/a,n/a,1,n/a
"com.mongodb.operation.OperationHelper.ReferenceCountedReleasingWrappedCallback",4,1,1,0,5,3
"com.mongodb.operation.OrderBy",0,n/a,2,n/a,4,6
"com.mongodb.operation.ParallelCollectionScanOperation",33,1,1,0,27,23
"com.mongodb.operation.QueryBatchCursor",35,1,2,1,60,48
"com.mongodb.operation.QueryHelper",6,1,1,0,8,3
"com.mongodb.operation.ReadConcernHelper",12,1,1,0,13,8
"com.mongodb.operation.ReadOperation",n/a,n/a,n/a,n/a,1,n/a
"com.mongodb.operation.RenameCollectionOperation",21,1,1,0,17,11
"com.mongodb.operation.UpdateOperation",8,2,2,0,8,4
"com.mongodb.operation.UpdateUserOperation",19,1,1,0,12,10
"com.mongodb.operation.UserExistsOperation",20,1,1,0,10,9
"com.mongodb.operation.UserOperationHelper",16,1,4,0,28,15
"com.mongodb.operation.WriteConcernHelper",24,1,2,0,22,10
"com.mongodb.operation.WriteOperation",n/a,n/a,n/a,n/a,1,n/a
"com.mongodb.selector.CompositeServerSelector",7,1,1,0,15,9
"com.mongodb.selector.LatencyMinimizingServerSelector",8,1,1,0,15,13
"com.mongodb.selector.PrimaryServerSelector",3,1,1,0,3,2
"com.mongodb.selector.ReadPreferenceServerSelector",13,1,1,0,8,5
"com.mongodb.selector.ServerAddressSelector",8,1,1,0,8,5
"com.mongodb.selector.ServerSelector",n/a,n/a,n/a,n/a,1,n/a
"com.mongodb.selector.WritableServerSelector",8,1,1,0,3,2
"com.mongodb.util.AbstractObjectSerializer",6,1,1,7,4,1
"com.mongodb.util.ClassMapBasedObjectSerializer",7,2,1,0,11,7
"com.mongodb.util.JSON",14,1,3,0,17,14
"com.mongodb.util.JSONCallback",19,2,3,0,41,26
"com.mongodb.util.JSONParseException",2,4,1,0,7,4
"com.mongodb.util.JSONParser",4,1,1,0,47,82
"com.mongodb.util.JSONSerializers",41,1,1,0,26,4
"com.mongodb.util.JSONSerializers.BSONTimestampSerializer",5,3,1,0,9,2
"com.mongodb.util.JSONSerializers.BinarySerializer",4,4,1,0,6,2
"com.mongodb.util.JSONSerializers.BinarySerializerBase",8,3,1,2,7,2
"com.mongodb.util.JSONSerializers.ByteArraySerializer",3,4,1,0,4,2
"com.mongodb.util.JSONSerializers.CodeSerializer",5,3,1,0,7,2
"com.mongodb.util.JSONSerializers.CodeWScopeSerializer",6,3,1,0,8,2
"com.mongodb.util.JSONSerializers.CompoundObjectSerializer",22,2,0,20,1,1
"com.mongodb.util.JSONSerializers.DBObjectSerializer",6,3,1,0,8,4
"com.mongodb.util.JSONSerializers.DBRefBaseSerializer",5,3,1,0,9,3
"com.mongodb.util.JSONSerializers.DateSerializer",4,3,1,0,6,2
"com.mongodb.util.JSONSerializers.Decimal128Serializer",4,3,1,0,6,2
"com.mongodb.util.JSONSerializers.IterableSerializer",3,3,1,0,5,4
"com.mongodb.util.JSONSerializers.LegacyBSONTimestampSerializer",5,3,1,0,9,2
"com.mongodb.util.JSONSerializers.LegacyBinarySerializer",2,2,1,0,2,1
"com.mongodb.util.JSONSerializers.LegacyDateSerializer",4,3,1,0,10,2
"com.mongodb.util.JSONSerializers.MapSerializer",4,3,1,0,10,4
"com.mongodb.util.JSONSerializers.MaxKeySerializer",4,3,1,0,5,2
"com.mongodb.util.JSONSerializers.MinKeySerializer",4,3,1,0,5,2
"com.mongodb.util.JSONSerializers.ObjectArraySerializer",3,3,1,0,7,4
"com.mongodb.util.JSONSerializers.ObjectIdSerializer",4,3,1,0,6,2
"com.mongodb.util.JSONSerializers.PatternSerializer",8,3,1,0,9,3
"com.mongodb.util.JSONSerializers.StringSerializer",3,2,1,0,2,1
"com.mongodb.util.JSONSerializers.SymbolSerializer",5,3,1,0,7,2
"com.mongodb.util.JSONSerializers.ToStringSerializer",2,2,1,0,3,1
"com.mongodb.util.JSONSerializers.UndefinedSerializer",4,3,1,0,6,2
"com.mongodb.util.JSONSerializers.UuidSerializer",4,3,1,0,7,2
"com.mongodb.util.ObjectSerializer",n/a,n/a,n/a,n/a,2,n/a
"com.mongodb.util.Util",5,1,3,0,6,3
"org.bson.AbstractBsonReader",32,1,1,3,103,93
"org.bson.AbstractBsonReader.Context",8,1,2,3,3,3
"org.bson.AbstractBsonReader.Mark",9,1,3,3,4,4
"org.bson.AbstractBsonReader.State",7,n/a,0,n/a,0,0
"org.bson.AbstractBsonWriter",65,1,1,4,173,139
"org.bson.AbstractBsonWriter.Context",11,1,3,4,5,5
"org.bson.AbstractBsonWriter.Mark",4,1,1,1,5,2
"org.bson.AbstractBsonWriter.State",7,n/a,0,n/a,0,0
"org.bson.BSON",18,1,5,1,42,39
"org.bson.BSONCallback",n/a,n/a,n/a,n/a,30,n/a
"org.bson.BSONCallbackAdapter",16,2,2,0,75,32
"org.bson.BSONCallbackAdapter.Context",4,2,1,0,4,2
"org.bson.BSONDecoder",n/a,n/a,n/a,n/a,4,n/a
"org.bson.BSONEncoder",n/a,n/a,n/a,n/a,4,n/a
"org.bson.BSONException",11,4,1,2,8,6
"org.bson.BSONObject",n/a,n/a,n/a,n/a,9,n/a
"org.bson.BasicBSONCallback",17,1,3,2,62,46
"org.bson.BasicBSONDecoder",15,1,1,1,21,5
"org.bson.BasicBSONEncoder",27,1,1,1,108,88
"org.bson.BasicBSONObject",19,4,9,1,69,60
"org.bson.BsonArray",64,2,3,1,74,41
"org.bson.BsonBinary",42,2,3,0,17,17
"org.bson.BsonBinaryReader",42,2,8,0,78,81
"org.bson.BsonBinaryReader.Context",5,2,1,0,7,4
"org.bson.BsonBinaryReader.Mark",5,2,1,0,11,2
"org.bson.BsonBinarySubType",17,n/a,1,n/a,3,3
"org.bson.BsonBinaryWriter",44,2,5,0,91,53
"org.bson.BsonBinaryWriter.Context",4,2,2,0,7,4
"org.bson.BsonBinaryWriter.Mark",3,2,1,0,5,2
"org.bson.BsonBinaryWriterSettings",3,1,1,0,3,3
"org.bson.BsonBoolean",50,2,3,0,11,13
"org.bson.BsonContextType",19,n/a,0,n/a,0,0
"org.bson.BsonDateTime",11,2,2,0,10,10
"org.bson.BsonDbPointer",26,2,3,0,13,13
"org.bson.BsonDecimal128",12,3,2,0,18,13
"org.bson.BsonDocument",275,2,6,4,142,113
"org.bson.BsonDocument.SerializationProxy",11,1,1,0,20,3
"org.bson.BsonDocumentReader",38,2,9,0,85,46
"org.bson.BsonDocumentReader.BsonDocumentMarkableIterator",1,1,2,0,13,9
"org.bson.BsonDocumentReader.Context",8,2,1,0,16,12
"org.bson.BsonDocumentReader.Mark",5,2,1,0,8,2
"org.bson.BsonDocumentWrapper",30,3,4,0,50,29
"org.bson.BsonDocumentWriter",58,2,2,0,53,34
"org.bson.BsonDocumentWriter.Context",7,2,1,0,7,4
"org.bson.BsonDouble",20,3,2,0,18,17
"org.bson.BsonElement",7,1,2,0,10,13
"org.bson.BsonInt32",72,3,2,0,13,16
"org.bson.BsonInt64",35,3,2,0,13,16
"org.bson.BsonInvalidOperationException",25,5,0,0,4,2
"org.bson.BsonJavaScript",15,2,2,0,9,9
"org.bson.BsonJavaScriptWithScope",10,2,3,0,15,14
"org.bson.BsonMaxKey",10,2,1,0,4,4
"org.bson.BsonMinKey",10,2,1,0,4,4
"org.bson.BsonNull",14,2,1,0,5,6
"org.bson.BsonNumber",31,2,4,4,4,0
"org.bson.BsonObjectId",28,2,2,0,15,12
"org.bson.BsonReader",n/a,n/a,n/a,n/a,54,n/a
"org.bson.BsonReaderMark",n/a,n/a,n/a,n/a,1,n/a
"org.bson.BsonRegularExpression",35,2,4,0,16,14
"org.bson.BsonSerializationException",14,5,0,0,2,1
"org.bson.BsonString",103,2,2,0,12,11
"org.bson.BsonSymbol",8,2,2,0,10,10
"org.bson.BsonTimestamp",41,2,2,0,13,14
"org.bson.BsonType",61,n/a,3,n/a,5,5
"org.bson.BsonUndefined",16,2,1,0,4,5
"org.bson.BsonValue",112,1,17,18,42,41
"org.bson.BsonWriter",n/a,n/a,n/a,n/a,47,n/a
"org.bson.BsonWriterSettings",8,1,1,1,3,3
"org.bson.ByteBuf",n/a,n/a,n/a,n/a,32,n/a
"org.bson.ByteBufNIO",19,1,1,1,64,37
"org.bson.Document",92,1,4,0,72,41
"org.bson.EmptyBSONCallback",4,1,30,1,31,30
"org.bson.FieldNameValidator",n/a,n/a,n/a,n/a,2,n/a
"org.bson.LazyBSONCallback",11,2,3,1,12,8
"org.bson.LazyBSONDecoder",8,1,1,1,11,4
"org.bson.LazyBSONList",5,2,19,1,38,29
"org.bson.LazyBSONList.LazyBSONListIterator",5,1,2,0,11,6
"org.bson.LazyBSONObject",33,1,5,2,110,80
"org.bson.NoOpFieldNameValidator",3,1,2,0,2,2
"org.bson.RawBsonDocument",34,3,8,0,82,39
"org.bson.RawBsonDocument.SerializationProxy",2,1,1,0,4,3
"org.bson.StringUtils",2,1,1,0,9,4
"org.bson.Transformer",n/a,n/a,n/a,n/a,1,n/a
"org.bson.UuidRepresentation",3,n/a,0,n/a,0,0
"org.bson.assertions.Assertions",42,1,4,0,9,9
"org.bson.codecs.AtomicBooleanCodec",6,1,3,0,7,3
"org.bson.codecs.AtomicIntegerCodec",7,1,3,0,7,3
"org.bson.codecs.AtomicLongCodec",7,1,3,0,7,3
"org.bson.codecs.BigDecimalCodec",7,1,3,0,7,3
"org.bson.codecs.BinaryCodec",8,1,3,0,11,3
"org.bson.codecs.BooleanCodec",6,1,3,0,5,3
"org.bson.codecs.BsonArrayCodec",15,1,2,1,23,8
"org.bson.codecs.BsonBinaryCodec",8,1,3,0,5,3
"org.bson.codecs.BsonBooleanCodec",8,1,3,0,7,3
"org.bson.codecs.BsonDBPointerCodec",8,1,3,0,5,3
"org.bson.codecs.BsonDateTimeCodec",8,1,3,0,7,3
"org.bson.codecs.BsonDecimal128Codec",8,1,3,0,7,3
"org.bson.codecs.BsonDocumentCodec",58,1,3,1,45,19
"org.bson.codecs.BsonDocumentWrapperCodec",9,1,3,0,9,5
"org.bson.codecs.BsonDoubleCodec",8,1,3,0,7,3
"org.bson.codecs.BsonInt32Codec",8,1,3,0,7,3
"org.bson.codecs.BsonInt64Codec",8,1,3,0,7,3
"org.bson.codecs.BsonJavaScriptCodec",8,1,3,0,7,3
"org.bson.codecs.BsonJavaScriptWithScopeCodec",11,1,2,0,11,4
"org.bson.codecs.BsonMaxKeyCodec",8,1,3,0,5,3
"org.bson.codecs.BsonMinKeyCodec",8,1,3,0,5,3
"org.bson.codecs.BsonNullCodec",8,1,3,0,5,3
"org.bson.codecs.BsonObjectIdCodec",8,1,3,0,7,3
"org.bson.codecs.BsonRegularExpressionCodec",8,1,3,0,5,3
"org.bson.codecs.BsonStringCodec",8,1,3,0,7,3
"org.bson.codecs.BsonSymbolCodec",8,1,3,0,7,3
"org.bson.codecs.BsonTimestampCodec",8,1,3,0,5,3
"org.bson.codecs.BsonTypeClassMap",26,1,1,0,16,10
"org.bson.codecs.BsonTypeCodecMap",11,1,1,0,9,6
"org.bson.codecs.BsonUndefinedCodec",8,1,3,0,5,3
"org.bson.codecs.BsonValueCodec",11,1,2,0,13,5
"org.bson.codecs.BsonValueCodecProvider",70,1,2,0,21,13
"org.bson.codecs.ByteArrayCodec",7,1,3,0,7,3
"org.bson.codecs.ByteCodec",8,1,3,0,7,4
"org.bson.codecs.CharacterCodec",8,1,3,0,11,4
"org.bson.codecs.CodeCodec",7,1,3,0,7,3
"org.bson.codecs.CodeWithScopeCodec",11,1,2,0,11,4
"org.bson.codecs.Codec",n/a,n/a,n/a,n/a,0,n/a
"org.bson.codecs.CollectibleCodec",n/a,n/a,n/a,n/a,3,n/a
"org.bson.codecs.DateCodec",7,1,3,0,7,3
"org.bson.codecs.Decimal128Codec",7,1,3,0,5,3
"org.bson.codecs.Decoder",n/a,n/a,n/a,n/a,1,n/a
"org.bson.codecs.DecoderContext",106,1,3,0,8,4
"org.bson.codecs.DecoderContext.Builder",28,1,2,0,5,4
"org.bson.codecs.DocumentCodec",34,1,2,0,69,34
"org.bson.codecs.DocumentCodecProvider",25,1,1,0,17,15
"org.bson.codecs.DoubleCodec",7,1,3,0,5,3
"org.bson.codecs.Encoder",n/a,n/a,n/a,n/a,2,n/a
"org.bson.codecs.EncoderContext",107,1,3,0,8,5
"org.bson.codecs.EncoderContext.Builder",29,1,2,0,4,3
"org.bson.codecs.FloatCodec",8,1,3,0,7,4
"org.bson.codecs.IdGenerator",n/a,n/a,n/a,n/a,1,n/a
"org.bson.codecs.IntegerCodec",9,1,3,0,5,3
"org.bson.codecs.IterableCodec",14,1,2,0,28,14
"org.bson.codecs.IterableCodecProvider",11,1,1,0,16,14
"org.bson.codecs.LongCodec",8,1,3,0,5,3
"org.bson.codecs.MapCodec",19,1,2,0,44,17
"org.bson.codecs.MapCodecProvider",9,1,1,0,16,14
"org.bson.codecs.MaxKeyCodec",7,1,3,0,5,3
"org.bson.codecs.MinKeyCodec",7,1,3,0,5,3
"org.bson.codecs.NumberCodecHelper",11,1,1,0,11,21
"org.bson.codecs.ObjectIdCodec",7,1,3,0,5,3
"org.bson.codecs.ObjectIdGenerator",4,1,1,0,2,1
"org.bson.codecs.PatternCodec",8,1,2,0,22,12
"org.bson.codecs.PatternCodec.RegexFlag",1,n/a,1,n/a,6,3
"org.bson.codecs.RawBsonDocumentCodec",13,1,3,0,17,4
"org.bson.codecs.ShortCodec",8,1,3,0,7,4
"org.bson.codecs.StringCodec",7,1,3,0,7,4
"org.bson.codecs.SymbolCodec",7,1,3,0,7,3
"org.bson.codecs.UuidCodec",16,1,2,0,20,19
"org.bson.codecs.UuidCodecHelper",1,1,1,0,2,3
"org.bson.codecs.UuidCodecProvider",5,1,1,0,3,3
"org.bson.codecs.ValueCodecProvider",39,1,1,0,12,8
"org.bson.codecs.configuration.ChildCodecRegistry",4,1,1,0,14,17
"org.bson.codecs.configuration.CodecCache",4,1,1,0,12,5
"org.bson.codecs.configuration.CodecConfigurationException",22,4,0,0,4,2
"org.bson.codecs.configuration.CodecProvider",n/a,n/a,n/a,n/a,1,n/a
"org.bson.codecs.configuration.CodecRegistries",37,1,2,0,13,11
"org.bson.codecs.configuration.CodecRegistry",n/a,n/a,n/a,n/a,1,n/a
"org.bson.codecs.configuration.LazyCodec",9,1,1,0,8,6
"org.bson.codecs.configuration.MapOfCodecsProvider",5,1,1,0,6,3
"org.bson.codecs.configuration.Optional",2,1,3,2,7,7
"org.bson.codecs.configuration.Optional.Some",1,2,2,0,5,4
"org.bson.codecs.configuration.ProvidersCodecRegistry",7,1,1,0,18,16
"org.bson.codecs.pojo.AutomaticPojoCodec",10,2,1,0,13,5
"org.bson.codecs.pojo.ClassModel",19,1,11,0,33,36
"org.bson.codecs.pojo.ClassModelBuilder",19,1,2,0,56,39
"org.bson.codecs.pojo.CollectionCodec",10,1,1,0,17,7
"org.bson.codecs.pojo.Convention",n/a,n/a,n/a,n/a,1,n/a
"org.bson.codecs.pojo.ConventionAnnotationImpl",16,1,1,0,62,38
"org.bson.codecs.pojo.ConventionDefaultsImpl",4,1,1,0,12,6
"org.bson.codecs.pojo.Conventions",7,1,0,0,4,1
"org.bson.codecs.pojo.CreatorExecutable",6,1,3,0,28,21
"org.bson.codecs.pojo.DiscriminatorLookup",5,1,1,0,14,13
"org.bson.codecs.pojo.EnumCodec",6,1,2,0,8,4
"org.bson.codecs.pojo.InstanceCreator",n/a,n/a,n/a,n/a,2,n/a
"org.bson.codecs.pojo.InstanceCreatorFactory",n/a,n/a,n/a,n/a,1,n/a
"org.bson.codecs.pojo.InstanceCreatorFactoryImpl",7,1,1,0,3,2
"org.bson.codecs.pojo.InstanceCreatorImpl",7,1,1,0,30,14
"org.bson.codecs.pojo.InvalidMapImplementation",1,1,12,0,12,12
"org.bson.codecs.pojo.LazyPojoCodec",12,2,1,0,10,7
"org.bson.codecs.pojo.MapCodec",10,1,1,0,22,7
"org.bson.codecs.pojo.PojoBuilderHelper",18,1,2,0,125,56
"org.bson.codecs.pojo.PojoCodec",6,1,1,3,1,0
"org.bson.codecs.pojo.PojoCodecImpl",31,2,2,0,119,70
"org.bson.codecs.pojo.PojoCodecProvider",18,1,2,0,20,10
"org.bson.codecs.pojo.PojoCodecProvider.Builder",12,1,1,0,21,11
"org.bson.codecs.pojo.PropertyAccessor",n/a,n/a,n/a,n/a,2,n/a
"org.bson.codecs.pojo.PropertyAccessorImpl",5,1,1,0,17,9
"org.bson.codecs.pojo.PropertyMetadata",8,1,4,0,35,26
"org.bson.codecs.pojo.PropertyModel",14,1,10,0,29,47
"org.bson.codecs.pojo.PropertyModelBuilder",16,1,3,0,32,26
"org.bson.codecs.pojo.PropertyModelSerializationImpl",4,1,1,0,2,2
"org.bson.codecs.pojo.PropertySerialization",n/a,n/a,n/a,n/a,1,n/a
"org.bson.codecs.pojo.TypeData",13,1,2,0,29,23
"org.bson.codecs.pojo.TypeData.Builder",10,1,1,0,20,20
"org.bson.codecs.pojo.TypeParameterMap",8,1,2,0,13,10
"org.bson.codecs.pojo.TypeParameterMap.Builder",4,1,1,0,10,5
"org.bson.codecs.pojo.annotations.BsonCreator",n/a,n/a,n/a,n/a,0,n/a
"org.bson.codecs.pojo.annotations.BsonDiscriminator",n/a,n/a,n/a,n/a,2,n/a
"org.bson.codecs.pojo.annotations.BsonId",n/a,n/a,n/a,n/a,0,n/a
"org.bson.codecs.pojo.annotations.BsonIgnore",n/a,n/a,n/a,n/a,0,n/a
"org.bson.codecs.pojo.annotations.BsonProperty",n/a,n/a,n/a,n/a,2,n/a
"org.bson.conversions.Bson",n/a,n/a,n/a,n/a,1,n/a
"org.bson.diagnostics.JULLogger",2,1,1,0,25,20
"org.bson.diagnostics.Logger",n/a,n/a,n/a,n/a,16,n/a
"org.bson.diagnostics.Loggers",6,1,2,0,10,5
"org.bson.diagnostics.SLF4JLogger",2,1,1,0,34,17
"org.bson.internal.Base64",9,1,1,0,8,17
"org.bson.internal.UnsignedLongs",3,1,2,0,15,27
"org.bson.io.BasicOutputBuffer",21,3,1,0,27,21
"org.bson.io.Bits",5,1,2,0,15,15
"org.bson.io.BsonInput",n/a,n/a,n/a,n/a,16,n/a
"org.bson.io.BsonOutput",n/a,n/a,n/a,n/a,14,n/a
"org.bson.io.ByteBufferBsonInput",22,1,1,0,43,32
"org.bson.io.OutputBuffer",27,2,6,2,38,23
"org.bson.json.Converter",n/a,n/a,n/a,n/a,1,n/a
"org.bson.json.DateTimeFormatter",3,1,2,0,10,4
"org.bson.json.DateTimeFormatter.FormatterImpl",n/a,n/a,n/a,n/a,2,n/a
"org.bson.json.DateTimeFormatter.Java8DateTimeFormatter",1,1,1,0,12,3
"org.bson.json.DateTimeFormatter.JaxbDateTimeFormatter",1,1,2,0,14,2
"org.bson.json.ExtendedJsonBinaryConverter",5,1,1,0,9,1
"org.bson.json.ExtendedJsonDateTimeConverter",4,1,1,0,6,1
"org.bson.json.ExtendedJsonDecimal128Converter",4,1,1,0,6,1
"org.bson.json.ExtendedJsonDoubleConverter",4,1,1,0,6,1
"org.bson.json.ExtendedJsonInt32Converter",3,1,1,0,6,1
"org.bson.json.ExtendedJsonInt64Converter",3,1,1,0,6,1
"org.bson.json.ExtendedJsonMaxKeyConverter",4,1,1,0,4,1
"org.bson.json.ExtendedJsonMinKeyConverter",4,1,1,0,4,1
"org.bson.json.ExtendedJsonObjectIdConverter",4,1,1,0,5,1
"org.bson.json.ExtendedJsonRegularExpressionConverter",4,1,1,0,7,1
"org.bson.json.ExtendedJsonTimestampConverter",5,1,1,0,9,2
"org.bson.json.ExtendedJsonUndefinedConverter",4,1,1,0,4,1
"org.bson.json.JsonBooleanConverter",3,1,1,0,2,1
"org.bson.json.JsonBuffer",4,1,1,0,12,10
"org.bson.json.JsonDoubleConverter",3,1,1,0,3,1
"org.bson.json.JsonInt32Converter",3,1,1,0,3,1
"org.bson.json.JsonJavaScriptConverter",3,1,1,0,4,1
"org.bson.json.JsonMode",7,n/a,0,n/a,0,0
"org.bson.json.JsonNullConverter",4,1,1,0,2,1
"org.bson.json.JsonParseException",8,4,0,0,8,4
"org.bson.json.JsonReader",36,2,8,0,174,257
"org.bson.json.JsonReader.Context",4,2,2,0,6,3
"org.bson.json.JsonReader.Mark",6,2,1,0,10,2
"org.bson.json.JsonScanner",11,1,1,0,30,114
"org.bson.json.JsonScanner.NumberState",1,n/a,0,n/a,0,0
"org.bson.json.JsonScanner.RegularExpressionState",1,n/a,0,n/a,0,0
"org.bson.json.JsonStringConverter",3,1,1,0,2,1
"org.bson.json.JsonSymbolConverter",3,1,1,0,4,1
"org.bson.json.JsonToken",8,1,2,0,16,16
"org.bson.json.JsonTokenType",4,n/a,0,n/a,0,0
"org.bson.json.JsonWriter",27,2,2,0,78,34
"org.bson.json.JsonWriter.Context",3,2,1,0,5,3
"org.bson.json.JsonWriterSettings",59,2,22,0,35,65
"org.bson.json.JsonWriterSettings.Builder",17,1,22,0,26,23
"org.bson.json.LegacyExtendedJsonBinaryConverter",5,1,1,0,8,1
"org.bson.json.LegacyExtendedJsonDateTimeConverter",3,1,1,0,5,1
"org.bson.json.LegacyExtendedJsonRegularExpressionConverter",4,1,1,0,6,1
"org.bson.json.RelaxedExtendedJsonDateTimeConverter",5,1,1,0,6,2
"org.bson.json.RelaxedExtendedJsonDoubleConverter",4,1,1,0,6,2
"org.bson.json.RelaxedExtendedJsonInt64Converter",3,1,1,0,3,1
"org.bson.json.ShellBinaryConverter",5,1,1,0,7,1
"org.bson.json.ShellDateTimeConverter",3,1,1,0,8,2
"org.bson.json.ShellDecimal128Converter",4,1,1,0,4,1
"org.bson.json.ShellInt64Converter",3,1,1,0,3,2
"org.bson.json.ShellMaxKeyConverter",4,1,1,0,2,1
"org.bson.json.ShellMinKeyConverter",4,1,1,0,2,1
"org.bson.json.ShellObjectIdConverter",4,1,1,0,4,1
"org.bson.json.ShellRegularExpressionConverter",4,1,1,0,6,2
"org.bson.json.ShellTimestampConverter",4,1,1,0,5,1
"org.bson.json.ShellUndefinedConverter",4,1,1,0,2,1
"org.bson.json.StrictCharacterStreamJsonWriter",9,1,1,0,42,52
"org.bson.json.StrictCharacterStreamJsonWriter.JsonContextType",2,n/a,0,n/a,0,0
"org.bson.json.StrictCharacterStreamJsonWriter.State",1,n/a,0,n/a,0,0
"org.bson.json.StrictCharacterStreamJsonWriter.StrictJsonContext",2,1,0,0,1,2
"org.bson.json.StrictCharacterStreamJsonWriterSettings",3,1,4,0,7,6
"org.bson.json.StrictCharacterStreamJsonWriterSettings.Builder",3,1,4,0,8,5
"org.bson.json.StrictJsonWriter",n/a,n/a,n/a,n/a,17,n/a
"org.bson.types.BSONTimestamp",16,1,1,0,10,12
"org.bson.types.BasicBSONList",8,4,1,1,32,22
"org.bson.types.Binary",19,1,2,0,13,12
"org.bson.types.Code",18,1,1,2,8,8
"org.bson.types.CodeWScope",14,2,1,0,11,6
"org.bson.types.CodeWithScope",6,2,1,0,11,9
"org.bson.types.Decimal128",40,1,4,0,60,64
"org.bson.types.MaxKey",11,1,0,0,3,3
"org.bson.types.MinKey",11,1,0,0,3,3
"org.bson.types.ObjectId",93,1,10,0,87,67
"org.bson.types.StringRangeSet",3,1,7,0,23,28
"org.bson.types.Symbol",8,1,1,0,8,8
"org.bson.util.AbstractCopyOnWriteMap",8,1,2,1,46,30
"org.bson.util.AbstractCopyOnWriteMap.CollectionView",4,1,3,3,25,12
"org.bson.util.AbstractCopyOnWriteMap.EntrySet",3,2,2,0,15,6
"org.bson.util.AbstractCopyOnWriteMap.Immutable",3,2,1,0,8,3
"org.bson.util.AbstractCopyOnWriteMap.KeySet",3,2,3,0,14,5
"org.bson.util.AbstractCopyOnWriteMap.Mutable",5,2,3,0,3,3
"org.bson.util.AbstractCopyOnWriteMap.UnmodifiableIterator",1,1,2,0,7,4
"org.bson.util.AbstractCopyOnWriteMap.Values",3,2,2,0,15,6
"org.bson.util.AbstractCopyOnWriteMap.View",6,1,3,2,4,1
"org.bson.util.AbstractCopyOnWriteMap.View.Type",8,n/a,1,n/a,1,2
"org.bson.util.ClassAncestry",3,1,1,0,15,9
"org.bson.util.ClassMap",6,1,2,0,16,7
"org.bson.util.ClassMap.ComputeFunction",2,1,1,0,3,3
"org.bson.util.ComputingMap",4,1,2,0,42,24
"org.bson.util.CopyOnWriteMap",9,2,2,2,16,9
"org.bson.util.CopyOnWriteMap.Builder",5,1,1,0,10,6
"org.bson.util.CopyOnWriteMap.Hash",3,3,1,0,4,2
"org.bson.util.CopyOnWriteMap.Linked",3,3,1,0,4,2
"org.bson.util.Function",n/a,n/a,n/a,n/a,1,n/a

