Complexity metrics,Qui, 26 out 2017 16:49:18 BRST
Method,ev(G),iv(G),v(G)
"null.initialValue()",1,1,1
"null.parse(String,String,ByteSequence)",1,1,1
"org.apache.james.mime4j.MimeException.MimeException(String)",1,1,1
"org.apache.james.mime4j.MimeException.MimeException(String,Throwable)",1,1,1
"org.apache.james.mime4j.MimeException.MimeException(Throwable)",1,1,1
"org.apache.james.mime4j.MimeIOException.MimeIOException(MimeException)",1,1,1
"org.apache.james.mime4j.MimeIOException.MimeIOException(String)",1,1,1
"org.apache.james.mime4j.codec.Base64InputStream.Base64InputStream(InputStream)",1,1,1
"org.apache.james.mime4j.codec.Base64InputStream.Base64InputStream(InputStream,boolean)",2,1,2
"org.apache.james.mime4j.codec.Base64InputStream.close()",2,1,2
"org.apache.james.mime4j.codec.Base64InputStream.decodePad(int,int,byte[],int,int)",1,6,6
"org.apache.james.mime4j.codec.Base64InputStream.handleUnexpecedPad(int)",2,2,2
"org.apache.james.mime4j.codec.Base64InputStream.handleUnexpectedEof(int)",2,2,2
"org.apache.james.mime4j.codec.Base64InputStream.read()",5,2,5
"org.apache.james.mime4j.codec.Base64InputStream.read(byte[])",4,1,4
"org.apache.james.mime4j.codec.Base64InputStream.read(byte[],int,int)",5,1,7
"org.apache.james.mime4j.codec.Base64InputStream.read0(byte[],int,int)",10,12,19
"org.apache.james.mime4j.codec.Base64OutputStream.Base64OutputStream(OutputStream)",1,1,1
"org.apache.james.mime4j.codec.Base64OutputStream.Base64OutputStream(OutputStream,int)",1,1,1
"org.apache.james.mime4j.codec.Base64OutputStream.Base64OutputStream(OutputStream,int,byte[])",3,1,3
"org.apache.james.mime4j.codec.Base64OutputStream.checkLineSeparator(byte[])",4,2,4
"org.apache.james.mime4j.codec.Base64OutputStream.close()",2,1,2
"org.apache.james.mime4j.codec.Base64OutputStream.close0()",1,3,4
"org.apache.james.mime4j.codec.Base64OutputStream.flush()",2,1,2
"org.apache.james.mime4j.codec.Base64OutputStream.flush0()",1,2,2
"org.apache.james.mime4j.codec.Base64OutputStream.write(byte[])",4,1,4
"org.apache.james.mime4j.codec.Base64OutputStream.write(byte[],int,int)",5,1,7
"org.apache.james.mime4j.codec.Base64OutputStream.write(int)",2,1,2
"org.apache.james.mime4j.codec.Base64OutputStream.write0(byte[],int,int)",1,6,8
"org.apache.james.mime4j.codec.Base64OutputStream.writeLineSeparator()",1,2,3
"org.apache.james.mime4j.codec.Base64OutputStream.writePad()",1,3,5
"org.apache.james.mime4j.codec.ByteQueue.ByteQueue()",1,1,1
"org.apache.james.mime4j.codec.ByteQueue.ByteQueue(int)",1,1,1
"org.apache.james.mime4j.codec.ByteQueue.clear()",1,1,2
"org.apache.james.mime4j.codec.ByteQueue.count()",1,1,1
"org.apache.james.mime4j.codec.ByteQueue.dequeue()",1,1,1
"org.apache.james.mime4j.codec.ByteQueue.enqueue(byte)",1,1,1
"org.apache.james.mime4j.codec.ByteQueue.iterator()",1,1,1
"org.apache.james.mime4j.codec.CodecUtil.copy(InputStream,OutputStream)",1,2,2
"org.apache.james.mime4j.codec.CodecUtil.encodeBase64(InputStream,OutputStream)",1,1,1
"org.apache.james.mime4j.codec.CodecUtil.encodeQuotedPrintable(InputStream,OutputStream)",1,1,1
"org.apache.james.mime4j.codec.CodecUtil.encodeQuotedPrintableBinary(InputStream,OutputStream)",1,1,1
"org.apache.james.mime4j.codec.CodecUtil.wrapBase64(OutputStream)",1,1,1
"org.apache.james.mime4j.codec.CodecUtil.wrapQuotedPrintable(OutputStream,boolean)",1,1,1
"org.apache.james.mime4j.codec.DecoderUtil.decodeB(String,String)",1,1,1
"org.apache.james.mime4j.codec.DecoderUtil.decodeBase64(String)",1,3,3
"org.apache.james.mime4j.codec.DecoderUtil.decodeBaseQuotedPrintable(String)",1,3,3
"org.apache.james.mime4j.codec.DecoderUtil.decodeEncodedWord(String,int,int)",8,14,16
"org.apache.james.mime4j.codec.DecoderUtil.decodeEncodedWords(String)",4,7,8
"org.apache.james.mime4j.codec.DecoderUtil.decodeQ(String,String)",1,3,3
"org.apache.james.mime4j.codec.EncoderUtil.EncoderUtil()",1,1,1
"org.apache.james.mime4j.codec.EncoderUtil.bEncodedLength(byte[])",1,1,1
"org.apache.james.mime4j.codec.EncoderUtil.determineCharset(String)",3,2,5
"org.apache.james.mime4j.codec.EncoderUtil.determineEncoding(byte[],Usage)",2,3,7
"org.apache.james.mime4j.codec.EncoderUtil.encode(String,Charset)",1,1,1
"org.apache.james.mime4j.codec.EncoderUtil.encodeAddressDisplayName(String)",3,3,3
"org.apache.james.mime4j.codec.EncoderUtil.encodeAddressLocalPart(String)",2,2,2
"org.apache.james.mime4j.codec.EncoderUtil.encodeB(String,String,int,Charset,byte[])",2,2,2
"org.apache.james.mime4j.codec.EncoderUtil.encodeB(byte[])",1,4,4
"org.apache.james.mime4j.codec.EncoderUtil.encodeEncodedWord(String,Usage)",1,1,1
"org.apache.james.mime4j.codec.EncoderUtil.encodeEncodedWord(String,Usage,int)",1,1,1
"org.apache.james.mime4j.codec.EncoderUtil.encodeEncodedWord(String,Usage,int,Charset,Encoding)",5,4,8
"org.apache.james.mime4j.codec.EncoderUtil.encodeHeaderParameter(String,String)",2,2,2
"org.apache.james.mime4j.codec.EncoderUtil.encodeIfNecessary(String,Usage,int)",2,2,2
"org.apache.james.mime4j.codec.EncoderUtil.encodeQ(String,String,Usage,int,Charset,byte[])",2,2,2
"org.apache.james.mime4j.codec.EncoderUtil.encodeQ(byte[],Usage)",1,4,5
"org.apache.james.mime4j.codec.EncoderUtil.hasToBeEncoded(String,int)",7,2,10
"org.apache.james.mime4j.codec.EncoderUtil.hexDigit(int)",1,1,2
"org.apache.james.mime4j.codec.EncoderUtil.initChars(String)",1,3,3
"org.apache.james.mime4j.codec.EncoderUtil.isAtomPhrase(String)",4,3,4
"org.apache.james.mime4j.codec.EncoderUtil.isDotAtomText(String)",6,3,7
"org.apache.james.mime4j.codec.EncoderUtil.isToken(String)",4,2,4
"org.apache.james.mime4j.codec.EncoderUtil.qEncodedLength(byte[],Usage)",1,3,5
"org.apache.james.mime4j.codec.EncoderUtil.quote(String)",1,1,1
"org.apache.james.mime4j.codec.QuotedPrintableEncoder.QuotedPrintableEncoder(int,boolean)",1,1,1
"org.apache.james.mime4j.codec.QuotedPrintableEncoder.clearPending()",1,1,1
"org.apache.james.mime4j.codec.QuotedPrintableEncoder.completeEncoding()",1,1,1
"org.apache.james.mime4j.codec.QuotedPrintableEncoder.encode(InputStream,OutputStream)",1,2,2
"org.apache.james.mime4j.codec.QuotedPrintableEncoder.encode(byte)",1,15,15
"org.apache.james.mime4j.codec.QuotedPrintableEncoder.encodeChunk(byte[],int,int)",1,2,2
"org.apache.james.mime4j.codec.QuotedPrintableEncoder.escape(byte)",1,2,2
"org.apache.james.mime4j.codec.QuotedPrintableEncoder.flushOutput()",1,2,2
"org.apache.james.mime4j.codec.QuotedPrintableEncoder.initEncoding(OutputStream)",1,1,1
"org.apache.james.mime4j.codec.QuotedPrintableEncoder.lineBreak()",1,1,1
"org.apache.james.mime4j.codec.QuotedPrintableEncoder.plain(byte)",1,2,2
"org.apache.james.mime4j.codec.QuotedPrintableEncoder.softBreak()",1,1,1
"org.apache.james.mime4j.codec.QuotedPrintableEncoder.write(byte)",1,2,2
"org.apache.james.mime4j.codec.QuotedPrintableEncoder.writePending()",1,4,4
"org.apache.james.mime4j.codec.QuotedPrintableInputStream.QuotedPrintableInputStream(InputStream)",1,1,1
"org.apache.james.mime4j.codec.QuotedPrintableInputStream.asciiCharToNumericValue(byte)",4,1,7
"org.apache.james.mime4j.codec.QuotedPrintableInputStream.close()",1,1,1
"org.apache.james.mime4j.codec.QuotedPrintableInputStream.fillBuffer()",5,18,29
"org.apache.james.mime4j.codec.QuotedPrintableInputStream.populatePushbackQueue()",4,3,7
"org.apache.james.mime4j.codec.QuotedPrintableInputStream.read()",4,2,4
"org.apache.james.mime4j.codec.QuotedPrintableOutputStream.QuotedPrintableOutputStream(OutputStream,boolean)",1,1,1
"org.apache.james.mime4j.codec.QuotedPrintableOutputStream.close()",2,1,2
"org.apache.james.mime4j.codec.QuotedPrintableOutputStream.flush()",1,1,1
"org.apache.james.mime4j.codec.QuotedPrintableOutputStream.write(byte[],int,int)",2,1,2
"org.apache.james.mime4j.codec.QuotedPrintableOutputStream.write(int)",1,1,1
"org.apache.james.mime4j.codec.UnboundedFifoByteBuffer.UnboundedFifoByteBuffer()",1,1,1
"org.apache.james.mime4j.codec.UnboundedFifoByteBuffer.UnboundedFifoByteBuffer(int)",2,1,2
"org.apache.james.mime4j.codec.UnboundedFifoByteBuffer.add(byte)",1,1,5
"org.apache.james.mime4j.codec.UnboundedFifoByteBuffer.decrement(int)",1,1,2
"org.apache.james.mime4j.codec.UnboundedFifoByteBuffer.get()",2,1,2
"org.apache.james.mime4j.codec.UnboundedFifoByteBuffer.increment(int)",1,1,2
"org.apache.james.mime4j.codec.UnboundedFifoByteBuffer.isEmpty()",1,1,1
"org.apache.james.mime4j.codec.UnboundedFifoByteBuffer.iterator()",4,2,6
"org.apache.james.mime4j.codec.UnboundedFifoByteBuffer.remove()",2,1,3
"org.apache.james.mime4j.codec.UnboundedFifoByteBuffer.size()",1,1,2
"org.apache.james.mime4j.descriptor.DefaultBodyDescriptor.DefaultBodyDescriptor()",1,1,1
"org.apache.james.mime4j.descriptor.DefaultBodyDescriptor.DefaultBodyDescriptor(BodyDescriptor)",1,2,3
"org.apache.james.mime4j.descriptor.DefaultBodyDescriptor.addField(Field)",1,8,9
"org.apache.james.mime4j.descriptor.DefaultBodyDescriptor.getBoundary()",1,1,1
"org.apache.james.mime4j.descriptor.DefaultBodyDescriptor.getCharset()",1,1,1
"org.apache.james.mime4j.descriptor.DefaultBodyDescriptor.getContentLength()",1,1,1
"org.apache.james.mime4j.descriptor.DefaultBodyDescriptor.getContentTypeParameters()",1,1,1
"org.apache.james.mime4j.descriptor.DefaultBodyDescriptor.getMediaType()",1,1,1
"org.apache.james.mime4j.descriptor.DefaultBodyDescriptor.getMimeType()",1,1,1
"org.apache.james.mime4j.descriptor.DefaultBodyDescriptor.getSubType()",1,1,1
"org.apache.james.mime4j.descriptor.DefaultBodyDescriptor.getTransferEncoding()",1,1,1
"org.apache.james.mime4j.descriptor.DefaultBodyDescriptor.parseContentType(String)",1,10,15
"org.apache.james.mime4j.descriptor.DefaultBodyDescriptor.toString()",1,1,1
"org.apache.james.mime4j.descriptor.MaximalBodyDescriptor.MaximalBodyDescriptor()",1,1,1
"org.apache.james.mime4j.descriptor.MaximalBodyDescriptor.MaximalBodyDescriptor(BodyDescriptor)",1,1,1
"org.apache.james.mime4j.descriptor.MaximalBodyDescriptor.addField(Field)",1,15,15
"org.apache.james.mime4j.descriptor.MaximalBodyDescriptor.getContentDescription()",1,1,1
"org.apache.james.mime4j.descriptor.MaximalBodyDescriptor.getContentDispositionCreationDate()",1,1,1
"org.apache.james.mime4j.descriptor.MaximalBodyDescriptor.getContentDispositionCreationDateParseException()",1,1,1
"org.apache.james.mime4j.descriptor.MaximalBodyDescriptor.getContentDispositionFilename()",1,1,1
"org.apache.james.mime4j.descriptor.MaximalBodyDescriptor.getContentDispositionModificationDate()",1,1,1
"org.apache.james.mime4j.descriptor.MaximalBodyDescriptor.getContentDispositionModificationDateParseException()",1,1,1
"org.apache.james.mime4j.descriptor.MaximalBodyDescriptor.getContentDispositionParameters()",1,1,1
"org.apache.james.mime4j.descriptor.MaximalBodyDescriptor.getContentDispositionReadDate()",1,1,1
"org.apache.james.mime4j.descriptor.MaximalBodyDescriptor.getContentDispositionReadDateParseException()",1,1,1
"org.apache.james.mime4j.descriptor.MaximalBodyDescriptor.getContentDispositionSize()",1,1,1
"org.apache.james.mime4j.descriptor.MaximalBodyDescriptor.getContentDispositionSizeParseException()",1,1,1
"org.apache.james.mime4j.descriptor.MaximalBodyDescriptor.getContentDispositionType()",1,1,1
"org.apache.james.mime4j.descriptor.MaximalBodyDescriptor.getContentId()",1,1,1
"org.apache.james.mime4j.descriptor.MaximalBodyDescriptor.getContentLanguage()",1,1,1
"org.apache.james.mime4j.descriptor.MaximalBodyDescriptor.getContentLanguageParseException()",1,1,1
"org.apache.james.mime4j.descriptor.MaximalBodyDescriptor.getContentLocation()",1,1,1
"org.apache.james.mime4j.descriptor.MaximalBodyDescriptor.getContentLocationParseException()",1,1,1
"org.apache.james.mime4j.descriptor.MaximalBodyDescriptor.getContentMD5Raw()",1,1,1
"org.apache.james.mime4j.descriptor.MaximalBodyDescriptor.getMimeMajorVersion()",1,1,1
"org.apache.james.mime4j.descriptor.MaximalBodyDescriptor.getMimeMinorVersion()",1,1,1
"org.apache.james.mime4j.descriptor.MaximalBodyDescriptor.getMimeVersionParseException()",1,1,1
"org.apache.james.mime4j.descriptor.MaximalBodyDescriptor.parseContentDescription(String)",1,2,2
"org.apache.james.mime4j.descriptor.MaximalBodyDescriptor.parseContentDisposition(String)",1,6,9
"org.apache.james.mime4j.descriptor.MaximalBodyDescriptor.parseContentId(String)",1,2,2
"org.apache.james.mime4j.descriptor.MaximalBodyDescriptor.parseDate(String)",1,1,1
"org.apache.james.mime4j.descriptor.MaximalBodyDescriptor.parseLanguage(String)",1,2,3
"org.apache.james.mime4j.descriptor.MaximalBodyDescriptor.parseLocation(String)",1,2,3
"org.apache.james.mime4j.descriptor.MaximalBodyDescriptor.parseMD5(String)",1,2,2
"org.apache.james.mime4j.descriptor.MaximalBodyDescriptor.parseMimeVersion(String)",1,1,4
"org.apache.james.mime4j.field.AbstractField.AbstractField(String,String,ByteSequence)",1,1,1
"org.apache.james.mime4j.field.AbstractField.getBody()",1,1,1
"org.apache.james.mime4j.field.AbstractField.getName()",1,1,1
"org.apache.james.mime4j.field.AbstractField.getParseException()",1,1,1
"org.apache.james.mime4j.field.AbstractField.getParser()",1,1,1
"org.apache.james.mime4j.field.AbstractField.getRaw()",1,1,1
"org.apache.james.mime4j.field.AbstractField.isValidField()",1,1,1
"org.apache.james.mime4j.field.AbstractField.parse(ByteSequence)",1,1,1
"org.apache.james.mime4j.field.AbstractField.parse(ByteSequence,String)",2,3,4
"org.apache.james.mime4j.field.AbstractField.parse(String)",1,1,1
"org.apache.james.mime4j.field.AbstractField.toString()",1,1,1
"org.apache.james.mime4j.field.AddressListField.AddressListField(String,String,ByteSequence)",1,1,1
"org.apache.james.mime4j.field.AddressListField.getAddressList()",1,2,2
"org.apache.james.mime4j.field.AddressListField.getParseException()",1,2,2
"org.apache.james.mime4j.field.AddressListField.parse()",1,3,3
"org.apache.james.mime4j.field.ContentDispositionField.ContentDispositionField(String,String,ByteSequence)",1,1,1
"org.apache.james.mime4j.field.ContentDispositionField.getCreationDate()",1,2,2
"org.apache.james.mime4j.field.ContentDispositionField.getDispositionType()",1,2,2
"org.apache.james.mime4j.field.ContentDispositionField.getFilename()",1,1,1
"org.apache.james.mime4j.field.ContentDispositionField.getModificationDate()",1,2,2
"org.apache.james.mime4j.field.ContentDispositionField.getParameter(String)",1,2,2
"org.apache.james.mime4j.field.ContentDispositionField.getParameters()",1,2,2
"org.apache.james.mime4j.field.ContentDispositionField.getParseException()",1,2,2
"org.apache.james.mime4j.field.ContentDispositionField.getReadDate()",1,2,2
"org.apache.james.mime4j.field.ContentDispositionField.getSize()",2,1,4
"org.apache.james.mime4j.field.ContentDispositionField.isAttachment()",1,2,2
"org.apache.james.mime4j.field.ContentDispositionField.isDispositionType(String)",1,2,2
"org.apache.james.mime4j.field.ContentDispositionField.isInline()",1,2,2
"org.apache.james.mime4j.field.ContentDispositionField.parse()",1,8,9
"org.apache.james.mime4j.field.ContentDispositionField.parseDate(String)",2,7,7
"org.apache.james.mime4j.field.ContentTransferEncodingField.ContentTransferEncodingField(String,String,ByteSequence)",1,1,1
"org.apache.james.mime4j.field.ContentTransferEncodingField.getEncoding()",1,1,1
"org.apache.james.mime4j.field.ContentTransferEncodingField.getEncoding(ContentTransferEncodingField)",2,3,3
"org.apache.james.mime4j.field.ContentTypeField.ContentTypeField(String,String,ByteSequence)",1,1,1
"org.apache.james.mime4j.field.ContentTypeField.getBoundary()",1,1,1
"org.apache.james.mime4j.field.ContentTypeField.getCharset()",1,1,1
"org.apache.james.mime4j.field.ContentTypeField.getCharset(ContentTypeField)",3,3,4
"org.apache.james.mime4j.field.ContentTypeField.getMimeType()",1,2,2
"org.apache.james.mime4j.field.ContentTypeField.getMimeType(ContentTypeField,ContentTypeField)",3,6,7
"org.apache.james.mime4j.field.ContentTypeField.getParameter(String)",1,2,2
"org.apache.james.mime4j.field.ContentTypeField.getParameters()",1,2,2
"org.apache.james.mime4j.field.ContentTypeField.getParseException()",1,2,2
"org.apache.james.mime4j.field.ContentTypeField.isMimeType(String)",1,2,2
"org.apache.james.mime4j.field.ContentTypeField.isMultipart()",1,2,2
"org.apache.james.mime4j.field.ContentTypeField.parse()",1,8,10
"org.apache.james.mime4j.field.DateTimeField.DateTimeField(String,String,ByteSequence)",1,1,1
"org.apache.james.mime4j.field.DateTimeField.getDate()",1,2,2
"org.apache.james.mime4j.field.DateTimeField.getParseException()",1,2,2
"org.apache.james.mime4j.field.DateTimeField.parse()",1,5,5
"org.apache.james.mime4j.field.DefaultFieldParser.DefaultFieldParser()",1,1,1
"org.apache.james.mime4j.field.DelegatingFieldParser.getParser(String)",2,1,2
"org.apache.james.mime4j.field.DelegatingFieldParser.parse(String,String,ByteSequence)",1,1,1
"org.apache.james.mime4j.field.DelegatingFieldParser.setFieldParser(String,FieldParser)",1,1,1
"org.apache.james.mime4j.field.FieldName.FieldName()",1,1,1
"org.apache.james.mime4j.field.Fields.Fields()",1,1,1
"org.apache.james.mime4j.field.Fields.addressList(String,Iterable<Address>)",1,1,1
"org.apache.james.mime4j.field.Fields.addressList0(String,Iterable<Address>)",1,1,1
"org.apache.james.mime4j.field.Fields.bcc(Address)",1,1,1
"org.apache.james.mime4j.field.Fields.bcc(Address...)",1,1,1
"org.apache.james.mime4j.field.Fields.bcc(Iterable<Address>)",1,1,1
"org.apache.james.mime4j.field.Fields.cc(Address)",1,1,1
"org.apache.james.mime4j.field.Fields.cc(Address...)",1,1,1
"org.apache.james.mime4j.field.Fields.cc(Iterable<Address>)",1,1,1
"org.apache.james.mime4j.field.Fields.checkValidFieldName(String)",2,1,2
"org.apache.james.mime4j.field.Fields.contentDisposition(String)",1,1,1
"org.apache.james.mime4j.field.Fields.contentDisposition(String,Map<String, String>)",3,4,5
"org.apache.james.mime4j.field.Fields.contentDisposition(String,String)",1,1,1
"org.apache.james.mime4j.field.Fields.contentDisposition(String,String,long)",1,1,1
"org.apache.james.mime4j.field.Fields.contentDisposition(String,String,long,Date,Date,Date)",1,6,6
"org.apache.james.mime4j.field.Fields.contentTransferEncoding(String)",1,1,1
"org.apache.james.mime4j.field.Fields.contentType(String)",1,1,1
"org.apache.james.mime4j.field.Fields.contentType(String,Map<String, String>)",3,4,5
"org.apache.james.mime4j.field.Fields.date(Date)",1,1,1
"org.apache.james.mime4j.field.Fields.date(String,Date)",1,1,1
"org.apache.james.mime4j.field.Fields.date(String,Date,TimeZone)",1,1,1
"org.apache.james.mime4j.field.Fields.date0(String,Date,TimeZone)",1,1,1
"org.apache.james.mime4j.field.Fields.encodeAddresses(Iterable<? extends Address>)",1,3,3
"org.apache.james.mime4j.field.Fields.from(Iterable<Mailbox>)",1,1,1
"org.apache.james.mime4j.field.Fields.from(Mailbox)",1,1,1
"org.apache.james.mime4j.field.Fields.from(Mailbox...)",1,1,1
"org.apache.james.mime4j.field.Fields.isValidDispositionType(String)",2,1,2
"org.apache.james.mime4j.field.Fields.isValidMimeType(String)",3,2,4
"org.apache.james.mime4j.field.Fields.mailbox(String,Mailbox)",1,1,1
"org.apache.james.mime4j.field.Fields.mailbox0(String,Mailbox)",1,1,1
"org.apache.james.mime4j.field.Fields.mailboxList(String,Iterable<Mailbox>)",1,1,1
"org.apache.james.mime4j.field.Fields.mailboxList0(String,Iterable<Mailbox>)",1,1,1
"org.apache.james.mime4j.field.Fields.messageId(String)",1,1,1
"org.apache.james.mime4j.field.Fields.parse(FieldParser,String,String)",1,1,1
"org.apache.james.mime4j.field.Fields.replyTo(Address)",1,1,1
"org.apache.james.mime4j.field.Fields.replyTo(Address...)",1,1,1
"org.apache.james.mime4j.field.Fields.replyTo(Iterable<Address>)",1,1,1
"org.apache.james.mime4j.field.Fields.sender(Mailbox)",1,1,1
"org.apache.james.mime4j.field.Fields.subject(String)",1,1,1
"org.apache.james.mime4j.field.Fields.to(Address)",1,1,1
"org.apache.james.mime4j.field.Fields.to(Address...)",1,1,1
"org.apache.james.mime4j.field.Fields.to(Iterable<Address>)",1,1,1
"org.apache.james.mime4j.field.MailboxField.MailboxField(String,String,ByteSequence)",1,1,1
"org.apache.james.mime4j.field.MailboxField.getMailbox()",1,2,2
"org.apache.james.mime4j.field.MailboxField.getParseException()",1,2,2
"org.apache.james.mime4j.field.MailboxField.parse()",1,4,4
"org.apache.james.mime4j.field.MailboxListField.MailboxListField(String,String,ByteSequence)",1,1,1
"org.apache.james.mime4j.field.MailboxListField.getMailboxList()",1,2,2
"org.apache.james.mime4j.field.MailboxListField.getParseException()",1,2,2
"org.apache.james.mime4j.field.MailboxListField.parse()",1,3,3
"org.apache.james.mime4j.field.ParseException.ParseException(String)",1,1,1
"org.apache.james.mime4j.field.ParseException.ParseException(String,Throwable)",1,1,1
"org.apache.james.mime4j.field.ParseException.ParseException(Throwable)",1,1,1
"org.apache.james.mime4j.field.UnstructuredField.UnstructuredField(String,String,ByteSequence)",1,1,1
"org.apache.james.mime4j.field.UnstructuredField.getValue()",1,2,2
"org.apache.james.mime4j.field.UnstructuredField.parse()",1,1,1
"org.apache.james.mime4j.field.address.Address.addMailboxesTo(List<Mailbox>)",1,1,1
"org.apache.james.mime4j.field.address.Address.getDisplayString()",1,1,1
"org.apache.james.mime4j.field.address.Address.parse(String)",1,1,2
"org.apache.james.mime4j.field.address.Address.toString()",1,1,1
"org.apache.james.mime4j.field.address.AddressList.AddressList(List<? extends Address>,boolean)",1,2,3
"org.apache.james.mime4j.field.address.AddressList.flatten()",4,2,5
"org.apache.james.mime4j.field.address.AddressList.get(int)",1,1,1
"org.apache.james.mime4j.field.address.AddressList.main(String[])",3,6,6
"org.apache.james.mime4j.field.address.AddressList.parse(String)",1,1,1
"org.apache.james.mime4j.field.address.AddressList.print()",1,2,2
"org.apache.james.mime4j.field.address.AddressList.size()",1,1,1
"org.apache.james.mime4j.field.address.Builder.ChildNodeIterator.ChildNodeIterator(SimpleNode)",1,1,1
"org.apache.james.mime4j.field.address.Builder.ChildNodeIterator.hasNext()",1,1,1
"org.apache.james.mime4j.field.address.Builder.ChildNodeIterator.next()",1,1,1
"org.apache.james.mime4j.field.address.Builder.ChildNodeIterator.remove()",1,1,1
"org.apache.james.mime4j.field.address.Builder.addSpecials(StringBuilder,Token)",1,2,2
"org.apache.james.mime4j.field.address.Builder.buildAddrSpec(ASTaddr_spec)",1,1,1
"org.apache.james.mime4j.field.address.Builder.buildAddrSpec(DomainList,ASTaddr_spec)",1,1,1
"org.apache.james.mime4j.field.address.Builder.buildAddress(ASTaddress)",6,6,6
"org.apache.james.mime4j.field.address.Builder.buildAddressList(ASTaddress_list)",1,2,2
"org.apache.james.mime4j.field.address.Builder.buildAngleAddr(ASTangle_addr)",4,3,4
"org.apache.james.mime4j.field.address.Builder.buildGroupBody(ASTgroup_body)",3,3,3
"org.apache.james.mime4j.field.address.Builder.buildMailbox(ASTmailbox)",4,4,4
"org.apache.james.mime4j.field.address.Builder.buildNameAddr(ASTname_addr)",3,3,3
"org.apache.james.mime4j.field.address.Builder.buildRoute(ASTroute)",3,3,3
"org.apache.james.mime4j.field.address.Builder.buildString(SimpleNode,boolean)",1,3,3
"org.apache.james.mime4j.field.address.Builder.getInstance()",1,1,1
"org.apache.james.mime4j.field.address.DomainList.DomainList(List<String>,boolean)",1,2,3
"org.apache.james.mime4j.field.address.DomainList.get(int)",1,1,1
"org.apache.james.mime4j.field.address.DomainList.size()",1,1,1
"org.apache.james.mime4j.field.address.DomainList.toRouteString()",1,3,3
"org.apache.james.mime4j.field.address.DomainList.toString()",1,1,1
"org.apache.james.mime4j.field.address.Group.Group(String,Collection<Mailbox>)",1,1,1
"org.apache.james.mime4j.field.address.Group.Group(String,Mailbox...)",1,1,1
"org.apache.james.mime4j.field.address.Group.Group(String,MailboxList)",3,1,3
"org.apache.james.mime4j.field.address.Group.doAddMailboxesTo(List<Mailbox>)",1,2,2
"org.apache.james.mime4j.field.address.Group.getDisplayString(boolean)",1,3,3
"org.apache.james.mime4j.field.address.Group.getEncodedString()",1,3,3
"org.apache.james.mime4j.field.address.Group.getMailboxes()",1,1,1
"org.apache.james.mime4j.field.address.Group.getName()",1,1,1
"org.apache.james.mime4j.field.address.Group.parse(String)",2,1,2
"org.apache.james.mime4j.field.address.Mailbox.Mailbox(DomainList,String,String)",1,1,1
"org.apache.james.mime4j.field.address.Mailbox.Mailbox(String,DomainList,String,String)",2,4,8
"org.apache.james.mime4j.field.address.Mailbox.Mailbox(String,Mailbox)",1,1,1
"org.apache.james.mime4j.field.address.Mailbox.Mailbox(String,String)",1,1,1
"org.apache.james.mime4j.field.address.Mailbox.Mailbox(String,String,String)",1,1,1
"org.apache.james.mime4j.field.address.Mailbox.doAddMailboxesTo(List<Mailbox>)",1,1,1
"org.apache.james.mime4j.field.address.Mailbox.equals(Object)",3,1,3
"org.apache.james.mime4j.field.address.Mailbox.getAddress()",2,1,2
"org.apache.james.mime4j.field.address.Mailbox.getCanonicalizedAddress()",2,2,2
"org.apache.james.mime4j.field.address.Mailbox.getDisplayString(boolean)",1,6,7
"org.apache.james.mime4j.field.address.Mailbox.getDomain()",1,1,1
"org.apache.james.mime4j.field.address.Mailbox.getEncodedString()",1,4,4
"org.apache.james.mime4j.field.address.Mailbox.getLocalPart()",1,1,1
"org.apache.james.mime4j.field.address.Mailbox.getName()",1,1,1
"org.apache.james.mime4j.field.address.Mailbox.getRoute()",1,1,1
"org.apache.james.mime4j.field.address.Mailbox.hashCode()",1,1,1
"org.apache.james.mime4j.field.address.Mailbox.parse(String)",1,1,2
"org.apache.james.mime4j.field.address.MailboxList.MailboxList(List<Mailbox>,boolean)",1,2,3
"org.apache.james.mime4j.field.address.MailboxList.get(int)",1,1,1
"org.apache.james.mime4j.field.address.MailboxList.print()",1,2,2
"org.apache.james.mime4j.field.address.MailboxList.size()",1,1,1
"org.apache.james.mime4j.field.address.parser.ParseException.ParseException()",1,1,1
"org.apache.james.mime4j.field.address.parser.ParseException.ParseException(String)",1,1,1
"org.apache.james.mime4j.field.address.parser.ParseException.ParseException(Throwable)",1,1,1
"org.apache.james.mime4j.field.address.parser.ParseException.ParseException(Token,int[][],String[])",1,1,1
"org.apache.james.mime4j.field.address.parser.ParseException.add_escapes(String)",4,5,14
"org.apache.james.mime4j.field.address.parser.ParseException.getMessage()",4,6,10
"org.apache.james.mime4j.field.contentdisposition.parser.ParseException.ParseException()",1,1,1
"org.apache.james.mime4j.field.contentdisposition.parser.ParseException.ParseException(String)",1,1,1
"org.apache.james.mime4j.field.contentdisposition.parser.ParseException.ParseException(Throwable)",1,1,1
"org.apache.james.mime4j.field.contentdisposition.parser.ParseException.ParseException(Token,int[][],String[])",1,1,1
"org.apache.james.mime4j.field.contentdisposition.parser.ParseException.add_escapes(String)",4,5,14
"org.apache.james.mime4j.field.contentdisposition.parser.ParseException.getMessage()",4,6,10
"org.apache.james.mime4j.field.contenttype.parser.ParseException.ParseException()",1,1,1
"org.apache.james.mime4j.field.contenttype.parser.ParseException.ParseException(String)",1,1,1
"org.apache.james.mime4j.field.contenttype.parser.ParseException.ParseException(Throwable)",1,1,1
"org.apache.james.mime4j.field.contenttype.parser.ParseException.ParseException(Token,int[][],String[])",1,1,1
"org.apache.james.mime4j.field.contenttype.parser.ParseException.add_escapes(String)",4,5,14
"org.apache.james.mime4j.field.contenttype.parser.ParseException.getMessage()",4,6,10
"org.apache.james.mime4j.field.datetime.DateTime.DateTime(String,int,int,int,int,int,int)",1,1,1
"org.apache.james.mime4j.field.datetime.DateTime.convertToDate(int,int,int,int,int,int,int)",1,2,2
"org.apache.james.mime4j.field.datetime.DateTime.convertToYear(String)",5,2,6
"org.apache.james.mime4j.field.datetime.DateTime.equals(Object)",14,2,14
"org.apache.james.mime4j.field.datetime.DateTime.getDate()",1,1,1
"org.apache.james.mime4j.field.datetime.DateTime.getDay()",1,1,1
"org.apache.james.mime4j.field.datetime.DateTime.getHour()",1,1,1
"org.apache.james.mime4j.field.datetime.DateTime.getMinute()",1,1,1
"org.apache.james.mime4j.field.datetime.DateTime.getMonth()",1,1,1
"org.apache.james.mime4j.field.datetime.DateTime.getSecond()",1,1,1
"org.apache.james.mime4j.field.datetime.DateTime.getTimeZone()",1,1,1
"org.apache.james.mime4j.field.datetime.DateTime.getYear()",1,1,1
"org.apache.james.mime4j.field.datetime.DateTime.hashCode()",1,2,2
"org.apache.james.mime4j.field.datetime.DateTime.print()",1,1,1
"org.apache.james.mime4j.field.datetime.DateTime.toString()",1,1,1
"org.apache.james.mime4j.field.datetime.parser.ParseException.ParseException()",1,1,1
"org.apache.james.mime4j.field.datetime.parser.ParseException.ParseException(String)",1,1,1
"org.apache.james.mime4j.field.datetime.parser.ParseException.ParseException(Throwable)",1,1,1
"org.apache.james.mime4j.field.datetime.parser.ParseException.ParseException(Token,int[][],String[])",1,1,1
"org.apache.james.mime4j.field.datetime.parser.ParseException.add_escapes(String)",4,5,14
"org.apache.james.mime4j.field.datetime.parser.ParseException.getMessage()",4,6,10
"org.apache.james.mime4j.field.language.parser.ParseException.ParseException()",1,1,1
"org.apache.james.mime4j.field.language.parser.ParseException.ParseException(String)",1,1,1
"org.apache.james.mime4j.field.language.parser.ParseException.ParseException(Throwable)",1,1,1
"org.apache.james.mime4j.field.language.parser.ParseException.ParseException(Token,int[][],String[])",1,1,1
"org.apache.james.mime4j.field.language.parser.ParseException.add_escapes(String)",4,5,14
"org.apache.james.mime4j.field.language.parser.ParseException.getMessage()",4,6,10
"org.apache.james.mime4j.field.mimeversion.parser.ParseException.ParseException()",1,1,1
"org.apache.james.mime4j.field.mimeversion.parser.ParseException.ParseException(String)",1,1,1
"org.apache.james.mime4j.field.mimeversion.parser.ParseException.ParseException(Throwable)",1,1,1
"org.apache.james.mime4j.field.mimeversion.parser.ParseException.ParseException(Token,int[][],String[])",1,1,1
"org.apache.james.mime4j.field.mimeversion.parser.ParseException.add_escapes(String)",4,5,14
"org.apache.james.mime4j.field.mimeversion.parser.ParseException.getMessage()",4,6,10
"org.apache.james.mime4j.field.structured.parser.ParseException.ParseException()",1,1,1
"org.apache.james.mime4j.field.structured.parser.ParseException.ParseException(String)",1,1,1
"org.apache.james.mime4j.field.structured.parser.ParseException.ParseException(Throwable)",1,1,1
"org.apache.james.mime4j.field.structured.parser.ParseException.ParseException(Token,int[][],String[])",1,1,1
"org.apache.james.mime4j.field.structured.parser.ParseException.add_escapes(String)",4,5,14
"org.apache.james.mime4j.field.structured.parser.ParseException.getMessage()",4,6,10
"org.apache.james.mime4j.io.BufferedLineReaderInputStream.BufferedLineReaderInputStream(InputStream,int)",1,1,1
"org.apache.james.mime4j.io.BufferedLineReaderInputStream.BufferedLineReaderInputStream(InputStream,int,int)",3,1,3
"org.apache.james.mime4j.io.BufferedLineReaderInputStream.buf()",1,1,1
"org.apache.james.mime4j.io.BufferedLineReaderInputStream.capacity()",1,1,1
"org.apache.james.mime4j.io.BufferedLineReaderInputStream.charAt(int)",2,1,3
"org.apache.james.mime4j.io.BufferedLineReaderInputStream.clear()",1,1,1
"org.apache.james.mime4j.io.BufferedLineReaderInputStream.ensureCapacity(int)",1,2,2
"org.apache.james.mime4j.io.BufferedLineReaderInputStream.expand(int)",1,2,2
"org.apache.james.mime4j.io.BufferedLineReaderInputStream.fillBuffer()",2,3,4
"org.apache.james.mime4j.io.BufferedLineReaderInputStream.hasBufferedData()",1,1,1
"org.apache.james.mime4j.io.BufferedLineReaderInputStream.indexOf(byte)",1,1,1
"org.apache.james.mime4j.io.BufferedLineReaderInputStream.indexOf(byte,int,int)",4,1,6
"org.apache.james.mime4j.io.BufferedLineReaderInputStream.indexOf(byte[])",1,1,1
"org.apache.james.mime4j.io.BufferedLineReaderInputStream.indexOf(byte[],int,int)",9,1,13
"org.apache.james.mime4j.io.BufferedLineReaderInputStream.length()",1,1,1
"org.apache.james.mime4j.io.BufferedLineReaderInputStream.limit()",1,1,1
"org.apache.james.mime4j.io.BufferedLineReaderInputStream.markSupported()",1,1,1
"org.apache.james.mime4j.io.BufferedLineReaderInputStream.pos()",1,1,1
"org.apache.james.mime4j.io.BufferedLineReaderInputStream.read()",4,2,4
"org.apache.james.mime4j.io.BufferedLineReaderInputStream.read(byte[])",3,1,3
"org.apache.james.mime4j.io.BufferedLineReaderInputStream.read(byte[],int,int)",5,2,6
"org.apache.james.mime4j.io.BufferedLineReaderInputStream.readLine(ByteArrayBuffer)",8,6,12
"org.apache.james.mime4j.io.BufferedLineReaderInputStream.skip(int)",1,1,1
"org.apache.james.mime4j.io.BufferedLineReaderInputStream.toString()",1,2,2
"org.apache.james.mime4j.io.BufferedLineReaderInputStream.truncate()",1,1,1
"org.apache.james.mime4j.io.EOLConvertingInputStream.EOLConvertingInputStream(InputStream)",1,1,1
"org.apache.james.mime4j.io.EOLConvertingInputStream.EOLConvertingInputStream(InputStream,int)",1,1,1
"org.apache.james.mime4j.io.EOLConvertingInputStream.close()",1,1,1
"org.apache.james.mime4j.io.EOLConvertingInputStream.read()",2,5,9
"org.apache.james.mime4j.io.LimitedInputStream.LimitedInputStream(InputStream,long)",2,1,2
"org.apache.james.mime4j.io.LimitedInputStream.enforceLimit()",2,1,2
"org.apache.james.mime4j.io.LimitedInputStream.getBytesLeft()",1,1,1
"org.apache.james.mime4j.io.LimitedInputStream.read()",1,1,1
"org.apache.james.mime4j.io.LimitedInputStream.read(byte[],int,int)",1,1,1
"org.apache.james.mime4j.io.LimitedInputStream.skip(long)",1,1,1
"org.apache.james.mime4j.io.LineNumberInputStream.LineNumberInputStream(InputStream)",1,1,1
"org.apache.james.mime4j.io.LineNumberInputStream.getLineNumber()",1,1,1
"org.apache.james.mime4j.io.LineNumberInputStream.read()",1,1,2
"org.apache.james.mime4j.io.LineNumberInputStream.read(byte[],int,int)",1,1,3
"org.apache.james.mime4j.io.LineReaderInputStream.LineReaderInputStream(InputStream)",1,1,1
"org.apache.james.mime4j.io.LineReaderInputStreamAdaptor.LineReaderInputStreamAdaptor(InputStream)",1,1,1
"org.apache.james.mime4j.io.LineReaderInputStreamAdaptor.LineReaderInputStreamAdaptor(InputStream,int)",1,1,2
"org.apache.james.mime4j.io.LineReaderInputStreamAdaptor.doReadLine(ByteArrayBuffer)",5,3,7
"org.apache.james.mime4j.io.LineReaderInputStreamAdaptor.eof()",1,1,1
"org.apache.james.mime4j.io.LineReaderInputStreamAdaptor.isUsed()",1,1,1
"org.apache.james.mime4j.io.LineReaderInputStreamAdaptor.read()",1,1,1
"org.apache.james.mime4j.io.LineReaderInputStreamAdaptor.read(byte[],int,int)",1,1,1
"org.apache.james.mime4j.io.LineReaderInputStreamAdaptor.readLine(ByteArrayBuffer)",1,2,2
"org.apache.james.mime4j.io.LineReaderInputStreamAdaptor.toString()",1,1,1
"org.apache.james.mime4j.io.MaxHeaderLimitException.MaxHeaderLimitException(String)",1,1,1
"org.apache.james.mime4j.io.MaxLineLimitException.MaxLineLimitException(String)",1,1,1
"org.apache.james.mime4j.io.MimeBoundaryInputStream.MimeBoundaryInputStream(BufferedLineReaderInputStream,String)",4,2,5
"org.apache.james.mime4j.io.MimeBoundaryInputStream.calculateBoundaryLen()",1,3,5
"org.apache.james.mime4j.io.MimeBoundaryInputStream.close()",1,1,1
"org.apache.james.mime4j.io.MimeBoundaryInputStream.endOfStream()",1,1,2
"org.apache.james.mime4j.io.MimeBoundaryInputStream.eof()",1,2,2
"org.apache.james.mime4j.io.MimeBoundaryInputStream.fillBuffer()",2,6,7
"org.apache.james.mime4j.io.MimeBoundaryInputStream.hasData()",1,2,2
"org.apache.james.mime4j.io.MimeBoundaryInputStream.isLastPart()",1,1,1
"org.apache.james.mime4j.io.MimeBoundaryInputStream.markSupported()",1,1,1
"org.apache.james.mime4j.io.MimeBoundaryInputStream.read()",6,6,7
"org.apache.james.mime4j.io.MimeBoundaryInputStream.read(byte[],int,int)",4,4,5
"org.apache.james.mime4j.io.MimeBoundaryInputStream.readLine(ByteArrayBuffer)",8,9,13
"org.apache.james.mime4j.io.MimeBoundaryInputStream.skipBoundary()",9,8,11
"org.apache.james.mime4j.io.MimeBoundaryInputStream.toString()",1,2,2
"org.apache.james.mime4j.io.PositionInputStream.PositionInputStream(InputStream)",1,1,1
"org.apache.james.mime4j.io.PositionInputStream.available()",1,1,1
"org.apache.james.mime4j.io.PositionInputStream.close()",1,1,1
"org.apache.james.mime4j.io.PositionInputStream.getPosition()",1,1,1
"org.apache.james.mime4j.io.PositionInputStream.mark(int)",1,1,1
"org.apache.james.mime4j.io.PositionInputStream.markSupported()",1,1,1
"org.apache.james.mime4j.io.PositionInputStream.read()",1,1,2
"org.apache.james.mime4j.io.PositionInputStream.read(byte[],int,int)",1,1,2
"org.apache.james.mime4j.io.PositionInputStream.reset()",1,1,1
"org.apache.james.mime4j.io.PositionInputStream.skip(long)",1,1,2
"org.apache.james.mime4j.message.BinaryBody.BinaryBody()",1,1,1
"org.apache.james.mime4j.message.BodyCopier.BodyCopier()",1,1,1
"org.apache.james.mime4j.message.BodyCopier.copy(Body)",5,2,5
"org.apache.james.mime4j.message.BodyFactory.BodyFactory()",1,1,1
"org.apache.james.mime4j.message.BodyFactory.BodyFactory(StorageProvider)",1,2,2
"org.apache.james.mime4j.message.BodyFactory.binaryBody(InputStream)",2,1,2
"org.apache.james.mime4j.message.BodyFactory.binaryBody(Storage)",2,1,2
"org.apache.james.mime4j.message.BodyFactory.getStorageProvider()",1,1,1
"org.apache.james.mime4j.message.BodyFactory.textBody(InputStream)",2,1,2
"org.apache.james.mime4j.message.BodyFactory.textBody(InputStream,String)",3,1,3
"org.apache.james.mime4j.message.BodyFactory.textBody(Storage)",2,1,2
"org.apache.james.mime4j.message.BodyFactory.textBody(Storage,String)",3,1,3
"org.apache.james.mime4j.message.BodyFactory.textBody(String)",2,1,2
"org.apache.james.mime4j.message.BodyFactory.textBody(String,String)",3,1,3
"org.apache.james.mime4j.message.BodyFactory.toJavaCharset(String,boolean)",4,9,9
"org.apache.james.mime4j.message.BodyPart.BodyPart()",1,1,1
"org.apache.james.mime4j.message.BodyPart.BodyPart(BodyPart)",1,1,1
"org.apache.james.mime4j.message.Entity.Entity()",1,1,1
"org.apache.james.mime4j.message.Entity.Entity(Entity)",1,2,3
"org.apache.james.mime4j.message.Entity.dispose()",1,2,2
"org.apache.james.mime4j.message.Entity.getBody()",1,1,1
"org.apache.james.mime4j.message.Entity.getCharset()",1,1,1
"org.apache.james.mime4j.message.Entity.getContentTransferEncoding()",1,1,1
"org.apache.james.mime4j.message.Entity.getDispositionType()",2,1,2
"org.apache.james.mime4j.message.Entity.getFilename()",2,1,2
"org.apache.james.mime4j.message.Entity.getHeader()",1,1,1
"org.apache.james.mime4j.message.Entity.getMimeType()",1,2,2
"org.apache.james.mime4j.message.Entity.getParent()",1,1,1
"org.apache.james.mime4j.message.Entity.isMimeType(String)",1,1,1
"org.apache.james.mime4j.message.Entity.isMultipart()",1,3,3
"org.apache.james.mime4j.message.Entity.obtainField(String)",2,1,2
"org.apache.james.mime4j.message.Entity.obtainHeader()",1,1,2
"org.apache.james.mime4j.message.Entity.removeBody()",2,1,2
"org.apache.james.mime4j.message.Entity.setBody(Body)",2,1,2
"org.apache.james.mime4j.message.Entity.setBody(Body,String)",1,1,1
"org.apache.james.mime4j.message.Entity.setBody(Body,String,Map<String, String>)",1,1,1
"org.apache.james.mime4j.message.Entity.setContentDisposition(String)",1,1,1
"org.apache.james.mime4j.message.Entity.setContentDisposition(String,String)",1,1,1
"org.apache.james.mime4j.message.Entity.setContentDisposition(String,String,long)",1,1,1
"org.apache.james.mime4j.message.Entity.setContentDisposition(String,String,long,Date,Date,Date)",1,1,1
"org.apache.james.mime4j.message.Entity.setContentTransferEncoding(String)",1,1,1
"org.apache.james.mime4j.message.Entity.setFilename(String)",1,4,4
"org.apache.james.mime4j.message.Entity.setHeader(Header)",1,1,1
"org.apache.james.mime4j.message.Entity.setMessage(Message)",1,1,1
"org.apache.james.mime4j.message.Entity.setMultipart(Multipart)",1,1,1
"org.apache.james.mime4j.message.Entity.setMultipart(Multipart,Map<String, String>)",1,2,2
"org.apache.james.mime4j.message.Entity.setParent(Entity)",1,1,1
"org.apache.james.mime4j.message.Entity.setText(TextBody)",1,1,1
"org.apache.james.mime4j.message.Entity.setText(TextBody,String)",1,3,3
"org.apache.james.mime4j.message.Header.Header()",1,1,1
"org.apache.james.mime4j.message.Header.Header(Header)",1,2,2
"org.apache.james.mime4j.message.Header.Header(InputStream)",1,1,2
"org.apache.james.mime4j.message.Header.addField(Field)",1,2,2
"org.apache.james.mime4j.message.Header.getField(String)",2,3,3
"org.apache.james.mime4j.message.Header.getFields()",1,1,1
"org.apache.james.mime4j.message.Header.getFields(String)",1,3,3
"org.apache.james.mime4j.message.Header.iterator()",1,1,1
"org.apache.james.mime4j.message.Header.removeFields(String)",2,4,5
"org.apache.james.mime4j.message.Header.setField(Field)",2,5,6
"org.apache.james.mime4j.message.Header.toString()",1,2,2
"org.apache.james.mime4j.message.Message.Message()",1,1,1
"org.apache.james.mime4j.message.Message.Message(InputStream)",1,1,1
"org.apache.james.mime4j.message.Message.Message(InputStream,MimeEntityConfig)",1,1,1
"org.apache.james.mime4j.message.Message.Message(InputStream,MimeEntityConfig,StorageProvider)",1,1,2
"org.apache.james.mime4j.message.Message.Message(Message)",1,1,1
"org.apache.james.mime4j.message.Message.createMessageId(String)",1,1,1
"org.apache.james.mime4j.message.Message.getAddressList(String)",2,1,2
"org.apache.james.mime4j.message.Message.getBcc()",1,1,1
"org.apache.james.mime4j.message.Message.getCc()",1,1,1
"org.apache.james.mime4j.message.Message.getDate()",2,1,2
"org.apache.james.mime4j.message.Message.getFrom()",1,1,1
"org.apache.james.mime4j.message.Message.getMailbox(String)",2,1,2
"org.apache.james.mime4j.message.Message.getMailboxList(String)",2,1,2
"org.apache.james.mime4j.message.Message.getMessageId()",2,1,2
"org.apache.james.mime4j.message.Message.getReplyTo()",1,1,1
"org.apache.james.mime4j.message.Message.getSender()",1,1,1
"org.apache.james.mime4j.message.Message.getSubject()",2,1,2
"org.apache.james.mime4j.message.Message.getTo()",1,1,1
"org.apache.james.mime4j.message.Message.setAddressList(String,Address)",1,2,2
"org.apache.james.mime4j.message.Message.setAddressList(String,Address...)",1,2,2
"org.apache.james.mime4j.message.Message.setAddressList(String,Collection<Address>)",1,3,3
"org.apache.james.mime4j.message.Message.setBcc(Address)",1,1,1
"org.apache.james.mime4j.message.Message.setBcc(Address...)",1,1,1
"org.apache.james.mime4j.message.Message.setBcc(Collection<Address>)",1,1,1
"org.apache.james.mime4j.message.Message.setCc(Address)",1,1,1
"org.apache.james.mime4j.message.Message.setCc(Address...)",1,1,1
"org.apache.james.mime4j.message.Message.setCc(Collection<Address>)",1,1,1
"org.apache.james.mime4j.message.Message.setDate(Date)",1,1,1
"org.apache.james.mime4j.message.Message.setDate(Date,TimeZone)",1,2,2
"org.apache.james.mime4j.message.Message.setFrom(Collection<Mailbox>)",1,1,1
"org.apache.james.mime4j.message.Message.setFrom(Mailbox)",1,1,1
"org.apache.james.mime4j.message.Message.setFrom(Mailbox...)",1,1,1
"org.apache.james.mime4j.message.Message.setMailbox(String,Mailbox)",1,2,2
"org.apache.james.mime4j.message.Message.setMailboxList(String,Collection<Mailbox>)",1,3,3
"org.apache.james.mime4j.message.Message.setMailboxList(String,Mailbox)",1,2,2
"org.apache.james.mime4j.message.Message.setMailboxList(String,Mailbox...)",1,2,2
"org.apache.james.mime4j.message.Message.setReplyTo(Address)",1,1,1
"org.apache.james.mime4j.message.Message.setReplyTo(Address...)",1,1,1
"org.apache.james.mime4j.message.Message.setReplyTo(Collection<Address>)",1,1,1
"org.apache.james.mime4j.message.Message.setSender(Mailbox)",1,1,1
"org.apache.james.mime4j.message.Message.setSubject(String)",1,2,2
"org.apache.james.mime4j.message.Message.setTo(Address)",1,1,1
"org.apache.james.mime4j.message.Message.setTo(Address...)",1,1,1
"org.apache.james.mime4j.message.Message.setTo(Collection<Address>)",1,1,1
"org.apache.james.mime4j.message.Message.writeTo(OutputStream)",1,1,1
"org.apache.james.mime4j.message.MessageBuilder.MessageBuilder(Entity)",1,1,1
"org.apache.james.mime4j.message.MessageBuilder.MessageBuilder(Entity,StorageProvider)",1,1,1
"org.apache.james.mime4j.message.MessageBuilder.body(BodyDescriptor,InputStream)",1,3,4
"org.apache.james.mime4j.message.MessageBuilder.endBodyPart()",1,1,1
"org.apache.james.mime4j.message.MessageBuilder.endHeader()",1,1,1
"org.apache.james.mime4j.message.MessageBuilder.endMessage()",1,1,1
"org.apache.james.mime4j.message.MessageBuilder.endMultipart()",1,1,1
"org.apache.james.mime4j.message.MessageBuilder.epilogue(InputStream)",1,1,1
"org.apache.james.mime4j.message.MessageBuilder.expect(Class<?>)",2,2,2
"org.apache.james.mime4j.message.MessageBuilder.field(Field)",1,1,1
"org.apache.james.mime4j.message.MessageBuilder.loadStream(InputStream)",1,2,2
"org.apache.james.mime4j.message.MessageBuilder.preamble(InputStream)",1,1,1
"org.apache.james.mime4j.message.MessageBuilder.raw(InputStream)",1,1,1
"org.apache.james.mime4j.message.MessageBuilder.startBodyPart()",1,1,1
"org.apache.james.mime4j.message.MessageBuilder.startHeader()",1,1,1
"org.apache.james.mime4j.message.MessageBuilder.startMessage()",1,2,2
"org.apache.james.mime4j.message.MessageBuilder.startMultipart(BodyDescriptor)",1,1,1
"org.apache.james.mime4j.message.MessageWriter.MessageWriter()",1,1,1
"org.apache.james.mime4j.message.MessageWriter.encodeStream(OutputStream,String,boolean)",3,3,3
"org.apache.james.mime4j.message.MessageWriter.getBoundary(ContentTypeField)",2,1,2
"org.apache.james.mime4j.message.MessageWriter.getContentType(Multipart)",4,1,4
"org.apache.james.mime4j.message.MessageWriter.writeBody(Body,OutputStream)",4,4,4
"org.apache.james.mime4j.message.MessageWriter.writeBytes(ByteSequence,OutputStream)",1,2,2
"org.apache.james.mime4j.message.MessageWriter.writeEntity(Entity,OutputStream)",3,2,4
"org.apache.james.mime4j.message.MessageWriter.writeHeader(Header,OutputStream)",1,2,2
"org.apache.james.mime4j.message.MessageWriter.writeMultipart(Multipart,OutputStream)",1,2,2
"org.apache.james.mime4j.message.Multipart.Multipart(Multipart)",1,2,2
"org.apache.james.mime4j.message.Multipart.Multipart(String)",1,1,1
"org.apache.james.mime4j.message.Multipart.addBodyPart(BodyPart)",2,1,2
"org.apache.james.mime4j.message.Multipart.addBodyPart(BodyPart,int)",2,1,2
"org.apache.james.mime4j.message.Multipart.dispose()",1,2,2
"org.apache.james.mime4j.message.Multipart.getBodyParts()",1,1,1
"org.apache.james.mime4j.message.Multipart.getCount()",1,1,1
"org.apache.james.mime4j.message.Multipart.getEpilogue()",1,2,2
"org.apache.james.mime4j.message.Multipart.getEpilogueRaw()",1,1,1
"org.apache.james.mime4j.message.Multipart.getParent()",1,1,1
"org.apache.james.mime4j.message.Multipart.getPreamble()",1,2,2
"org.apache.james.mime4j.message.Multipart.getPreambleRaw()",1,1,1
"org.apache.james.mime4j.message.Multipart.getSubType()",1,1,1
"org.apache.james.mime4j.message.Multipart.removeBodyPart(int)",1,1,1
"org.apache.james.mime4j.message.Multipart.replaceBodyPart(BodyPart,int)",3,1,3
"org.apache.james.mime4j.message.Multipart.setBodyParts(List<BodyPart>)",1,2,2
"org.apache.james.mime4j.message.Multipart.setEpilogue(String)",1,1,1
"org.apache.james.mime4j.message.Multipart.setEpilogueRaw(ByteSequence)",1,1,1
"org.apache.james.mime4j.message.Multipart.setParent(Entity)",1,2,2
"org.apache.james.mime4j.message.Multipart.setPreamble(String)",1,1,1
"org.apache.james.mime4j.message.Multipart.setPreambleRaw(ByteSequence)",1,1,1
"org.apache.james.mime4j.message.Multipart.setSubType(String)",1,1,1
"org.apache.james.mime4j.message.SimpleContentHandler.body(BodyDescriptor,InputStream)",1,3,3
"org.apache.james.mime4j.message.SimpleContentHandler.endHeader()",1,1,1
"org.apache.james.mime4j.message.SimpleContentHandler.field(Field)",1,1,1
"org.apache.james.mime4j.message.SimpleContentHandler.startHeader()",1,1,1
"org.apache.james.mime4j.message.SingleBody.SingleBody()",1,1,1
"org.apache.james.mime4j.message.SingleBody.copy()",1,1,1
"org.apache.james.mime4j.message.SingleBody.dispose()",1,1,1
"org.apache.james.mime4j.message.SingleBody.getParent()",1,1,1
"org.apache.james.mime4j.message.SingleBody.setParent(Entity)",1,1,1
"org.apache.james.mime4j.message.StorageBinaryBody.StorageBinaryBody(MultiReferenceStorage)",1,1,1
"org.apache.james.mime4j.message.StorageBinaryBody.copy()",1,1,1
"org.apache.james.mime4j.message.StorageBinaryBody.dispose()",1,2,2
"org.apache.james.mime4j.message.StorageBinaryBody.getInputStream()",1,1,1
"org.apache.james.mime4j.message.StorageBinaryBody.writeTo(OutputStream)",2,1,2
"org.apache.james.mime4j.message.StorageTextBody.StorageTextBody(MultiReferenceStorage,Charset)",1,1,1
"org.apache.james.mime4j.message.StorageTextBody.copy()",1,1,1
"org.apache.james.mime4j.message.StorageTextBody.dispose()",1,2,2
"org.apache.james.mime4j.message.StorageTextBody.getMimeCharset()",1,1,1
"org.apache.james.mime4j.message.StorageTextBody.getReader()",1,1,1
"org.apache.james.mime4j.message.StorageTextBody.writeTo(OutputStream)",2,1,2
"org.apache.james.mime4j.message.StringTextBody.StringTextBody(String,Charset)",1,1,1
"org.apache.james.mime4j.message.StringTextBody.copy()",1,1,1
"org.apache.james.mime4j.message.StringTextBody.getMimeCharset()",1,1,1
"org.apache.james.mime4j.message.StringTextBody.getReader()",1,1,1
"org.apache.james.mime4j.message.StringTextBody.writeTo(OutputStream)",4,2,4
"org.apache.james.mime4j.message.TextBody.TextBody()",1,1,1
"org.apache.james.mime4j.parser.AbstractContentHandler.body(BodyDescriptor,InputStream)",1,1,1
"org.apache.james.mime4j.parser.AbstractContentHandler.endBodyPart()",1,1,1
"org.apache.james.mime4j.parser.AbstractContentHandler.endHeader()",1,1,1
"org.apache.james.mime4j.parser.AbstractContentHandler.endMessage()",1,1,1
"org.apache.james.mime4j.parser.AbstractContentHandler.endMultipart()",1,1,1
"org.apache.james.mime4j.parser.AbstractContentHandler.epilogue(InputStream)",1,1,1
"org.apache.james.mime4j.parser.AbstractContentHandler.field(Field)",1,1,1
"org.apache.james.mime4j.parser.AbstractContentHandler.preamble(InputStream)",1,1,1
"org.apache.james.mime4j.parser.AbstractContentHandler.raw(InputStream)",1,1,1
"org.apache.james.mime4j.parser.AbstractContentHandler.startBodyPart()",1,1,1
"org.apache.james.mime4j.parser.AbstractContentHandler.startHeader()",1,1,1
"org.apache.james.mime4j.parser.AbstractContentHandler.startMessage()",1,1,1
"org.apache.james.mime4j.parser.AbstractContentHandler.startMultipart(BodyDescriptor)",1,1,1
"org.apache.james.mime4j.parser.AbstractEntity.AbstractEntity(BodyDescriptor,int,int,MimeEntityConfig)",1,1,1
"org.apache.james.mime4j.parser.AbstractEntity.debug(Event)",1,2,2
"org.apache.james.mime4j.parser.AbstractEntity.fillFieldBuffer()",8,8,15
"org.apache.james.mime4j.parser.AbstractEntity.getBodyDescriptor()",3,2,3
"org.apache.james.mime4j.parser.AbstractEntity.getField()",3,2,3
"org.apache.james.mime4j.parser.AbstractEntity.getState()",1,1,1
"org.apache.james.mime4j.parser.AbstractEntity.message(Event)",2,2,3
"org.apache.james.mime4j.parser.AbstractEntity.monitor(Event)",2,2,2
"org.apache.james.mime4j.parser.AbstractEntity.newBodyDescriptor(BodyDescriptor)",1,1,2
"org.apache.james.mime4j.parser.AbstractEntity.parseField()",8,8,12
"org.apache.james.mime4j.parser.AbstractEntity.stateToString(int)",2,2,18
"org.apache.james.mime4j.parser.AbstractEntity.toString()",1,1,1
"org.apache.james.mime4j.parser.AbstractEntity.warn(Event)",1,2,2
"org.apache.james.mime4j.parser.Event.Event(String)",2,1,2
"org.apache.james.mime4j.parser.Event.equals(Object)",4,2,4
"org.apache.james.mime4j.parser.Event.hashCode()",1,1,1
"org.apache.james.mime4j.parser.Event.toString()",1,1,1
"org.apache.james.mime4j.parser.MimeEntity.MimeEntity(LineNumberSource,BufferedLineReaderInputStream,BodyDescriptor,int,int)",1,1,1
"org.apache.james.mime4j.parser.MimeEntity.MimeEntity(LineNumberSource,BufferedLineReaderInputStream,BodyDescriptor,int,int,MimeEntityConfig)",1,1,1
"org.apache.james.mime4j.parser.MimeEntity.advance()",8,11,23
"org.apache.james.mime4j.parser.MimeEntity.advanceToBoundary()",1,2,4
"org.apache.james.mime4j.parser.MimeEntity.clearMimeStream()",1,1,1
"org.apache.james.mime4j.parser.MimeEntity.createMimeStream()",1,3,4
"org.apache.james.mime4j.parser.MimeEntity.getContentStream()",3,3,3
"org.apache.james.mime4j.parser.MimeEntity.getDataStream()",1,1,1
"org.apache.james.mime4j.parser.MimeEntity.getLimitedContentStream()",2,1,2
"org.apache.james.mime4j.parser.MimeEntity.getLineNumber()",2,2,2
"org.apache.james.mime4j.parser.MimeEntity.getRecursionMode()",1,1,1
"org.apache.james.mime4j.parser.MimeEntity.nextMessage()",2,4,4
"org.apache.james.mime4j.parser.MimeEntity.nextMimeEntity()",2,2,2
"org.apache.james.mime4j.parser.MimeEntity.setRecursionMode(int)",1,1,1
"org.apache.james.mime4j.parser.MimeEntity.skipHeader(String)",2,2,2
"org.apache.james.mime4j.parser.MimeEntityConfig.MimeEntityConfig()",1,1,1
"org.apache.james.mime4j.parser.MimeEntityConfig.clone()",1,1,2
"org.apache.james.mime4j.parser.MimeEntityConfig.getMaxContentLen()",1,1,1
"org.apache.james.mime4j.parser.MimeEntityConfig.getMaxHeaderCount()",1,1,1
"org.apache.james.mime4j.parser.MimeEntityConfig.getMaxLineLen()",1,1,1
"org.apache.james.mime4j.parser.MimeEntityConfig.isCountLineNumbers()",1,1,1
"org.apache.james.mime4j.parser.MimeEntityConfig.isMaximalBodyDescriptor()",1,1,1
"org.apache.james.mime4j.parser.MimeEntityConfig.isStrictParsing()",1,1,1
"org.apache.james.mime4j.parser.MimeEntityConfig.setCountLineNumbers(boolean)",1,1,1
"org.apache.james.mime4j.parser.MimeEntityConfig.setMaxContentLen(long)",1,1,1
"org.apache.james.mime4j.parser.MimeEntityConfig.setMaxHeaderCount(int)",1,1,1
"org.apache.james.mime4j.parser.MimeEntityConfig.setMaxLineLen(int)",1,1,1
"org.apache.james.mime4j.parser.MimeEntityConfig.setMaximalBodyDescriptor(boolean)",1,1,1
"org.apache.james.mime4j.parser.MimeEntityConfig.setStrictParsing(boolean)",1,1,1
"org.apache.james.mime4j.parser.MimeEntityConfig.toString()",1,1,1
"org.apache.james.mime4j.parser.MimeParseEventException.MimeParseEventException(Event)",1,1,1
"org.apache.james.mime4j.parser.MimeParseEventException.getEvent()",1,1,1
"org.apache.james.mime4j.parser.MimeStreamParser.MimeStreamParser()",1,1,1
"org.apache.james.mime4j.parser.MimeStreamParser.MimeStreamParser(MimeEntityConfig)",1,2,2
"org.apache.james.mime4j.parser.MimeStreamParser.isContentDecoding()",1,1,1
"org.apache.james.mime4j.parser.MimeStreamParser.isRaw()",1,1,1
"org.apache.james.mime4j.parser.MimeStreamParser.parse(InputStream)",4,4,18
"org.apache.james.mime4j.parser.MimeStreamParser.setContentDecoding(boolean)",1,1,1
"org.apache.james.mime4j.parser.MimeStreamParser.setContentHandler(ContentHandler)",1,1,1
"org.apache.james.mime4j.parser.MimeStreamParser.setRaw(boolean)",1,1,1
"org.apache.james.mime4j.parser.MimeStreamParser.stop()",1,1,1
"org.apache.james.mime4j.parser.MimeTokenStream.MimeTokenStream()",1,1,1
"org.apache.james.mime4j.parser.MimeTokenStream.MimeTokenStream(MimeEntityConfig)",1,1,1
"org.apache.james.mime4j.parser.MimeTokenStream.createMaximalDescriptorStream()",1,1,1
"org.apache.james.mime4j.parser.MimeTokenStream.createStrictValidationStream()",1,1,1
"org.apache.james.mime4j.parser.MimeTokenStream.doParse(InputStream,String)",2,3,5
"org.apache.james.mime4j.parser.MimeTokenStream.getBodyDescriptor()",1,1,1
"org.apache.james.mime4j.parser.MimeTokenStream.getDecodedInputStream()",1,2,3
"org.apache.james.mime4j.parser.MimeTokenStream.getField()",1,1,1
"org.apache.james.mime4j.parser.MimeTokenStream.getInputStream()",1,1,1
"org.apache.james.mime4j.parser.MimeTokenStream.getReader()",1,3,3
"org.apache.james.mime4j.parser.MimeTokenStream.getRecursionMode()",1,1,1
"org.apache.james.mime4j.parser.MimeTokenStream.getState()",1,1,1
"org.apache.james.mime4j.parser.MimeTokenStream.isRaw()",1,1,1
"org.apache.james.mime4j.parser.MimeTokenStream.next()",4,4,7
"org.apache.james.mime4j.parser.MimeTokenStream.parse(InputStream)",1,1,1
"org.apache.james.mime4j.parser.MimeTokenStream.parseHeadless(InputStream,String)",2,1,2
"org.apache.james.mime4j.parser.MimeTokenStream.setRecursionMode(int)",1,2,2
"org.apache.james.mime4j.parser.MimeTokenStream.stateToString(int)",1,1,1
"org.apache.james.mime4j.parser.MimeTokenStream.stop()",1,1,1
"org.apache.james.mime4j.parser.RawEntity.RawEntity(InputStream)",1,1,1
"org.apache.james.mime4j.parser.RawEntity.advance()",1,1,1
"org.apache.james.mime4j.parser.RawEntity.getBodyDescriptor()",1,1,1
"org.apache.james.mime4j.parser.RawEntity.getContentStream()",1,1,1
"org.apache.james.mime4j.parser.RawEntity.getField()",1,1,1
"org.apache.james.mime4j.parser.RawEntity.getFieldName()",1,1,1
"org.apache.james.mime4j.parser.RawEntity.getFieldValue()",1,1,1
"org.apache.james.mime4j.parser.RawEntity.getState()",1,1,1
"org.apache.james.mime4j.parser.RawEntity.setRecursionMode(int)",1,1,1
"org.apache.james.mime4j.parser.RawField.RawField(ByteSequence,int)",1,1,1
"org.apache.james.mime4j.parser.RawField.getBody()",1,2,2
"org.apache.james.mime4j.parser.RawField.getName()",1,2,2
"org.apache.james.mime4j.parser.RawField.getRaw()",1,1,1
"org.apache.james.mime4j.parser.RawField.parseBody()",1,1,1
"org.apache.james.mime4j.parser.RawField.parseName()",1,1,1
"org.apache.james.mime4j.parser.RawField.toString()",1,1,1
"org.apache.james.mime4j.storage.AbstractStorageProvider.AbstractStorageProvider()",1,1,1
"org.apache.james.mime4j.storage.AbstractStorageProvider.store(InputStream)",1,1,1
"org.apache.james.mime4j.storage.CipherStorageProvider.CipherStorage.CipherStorage(Storage,String,SecretKeySpec)",1,1,1
"org.apache.james.mime4j.storage.CipherStorageProvider.CipherStorage.delete()",1,2,2
"org.apache.james.mime4j.storage.CipherStorageProvider.CipherStorage.getInputStream()",2,2,3
"org.apache.james.mime4j.storage.CipherStorageProvider.CipherStorageOutputStream.CipherStorageOutputStream(StorageOutputStream,String,SecretKeySpec)",1,2,2
"org.apache.james.mime4j.storage.CipherStorageProvider.CipherStorageOutputStream.close()",1,1,1
"org.apache.james.mime4j.storage.CipherStorageProvider.CipherStorageOutputStream.toStorage0()",1,1,1
"org.apache.james.mime4j.storage.CipherStorageProvider.CipherStorageOutputStream.write0(byte[],int,int)",1,1,1
"org.apache.james.mime4j.storage.CipherStorageProvider.CipherStorageProvider(StorageProvider)",1,1,1
"org.apache.james.mime4j.storage.CipherStorageProvider.CipherStorageProvider(StorageProvider,String)",2,1,3
"org.apache.james.mime4j.storage.CipherStorageProvider.createStorageOutputStream()",1,1,1
"org.apache.james.mime4j.storage.CipherStorageProvider.getSecretKeySpec()",1,1,1
"org.apache.james.mime4j.storage.DefaultStorageProvider.DefaultStorageProvider()",1,1,1
"org.apache.james.mime4j.storage.DefaultStorageProvider.getInstance()",1,1,1
"org.apache.james.mime4j.storage.DefaultStorageProvider.initialize()",1,3,4
"org.apache.james.mime4j.storage.DefaultStorageProvider.reset()",1,1,1
"org.apache.james.mime4j.storage.DefaultStorageProvider.setInstance(StorageProvider)",2,1,2
"org.apache.james.mime4j.storage.MemoryStorageProvider.MemoryStorage.MemoryStorage(byte[],int)",1,1,1
"org.apache.james.mime4j.storage.MemoryStorageProvider.MemoryStorage.delete()",1,1,1
"org.apache.james.mime4j.storage.MemoryStorageProvider.MemoryStorage.getInputStream()",2,1,2
"org.apache.james.mime4j.storage.MemoryStorageProvider.MemoryStorageOutputStream.toStorage0()",1,1,1
"org.apache.james.mime4j.storage.MemoryStorageProvider.MemoryStorageOutputStream.write0(byte[],int,int)",1,1,1
"org.apache.james.mime4j.storage.MemoryStorageProvider.MemoryStorageProvider()",1,1,1
"org.apache.james.mime4j.storage.MemoryStorageProvider.createStorageOutputStream()",1,1,1
"org.apache.james.mime4j.storage.MultiReferenceStorage.MultiReferenceStorage(Storage)",2,1,2
"org.apache.james.mime4j.storage.MultiReferenceStorage.addReference()",1,1,1
"org.apache.james.mime4j.storage.MultiReferenceStorage.decrementCounter()",2,1,2
"org.apache.james.mime4j.storage.MultiReferenceStorage.delete()",1,2,2
"org.apache.james.mime4j.storage.MultiReferenceStorage.getInputStream()",1,1,1
"org.apache.james.mime4j.storage.MultiReferenceStorage.incrementCounter()",2,1,2
"org.apache.james.mime4j.storage.StorageOutputStream.StorageOutputStream()",1,1,1
"org.apache.james.mime4j.storage.StorageOutputStream.close()",1,1,1
"org.apache.james.mime4j.storage.StorageOutputStream.toStorage()",2,2,3
"org.apache.james.mime4j.storage.StorageOutputStream.write(byte[])",4,1,4
"org.apache.james.mime4j.storage.StorageOutputStream.write(byte[],int,int)",5,1,7
"org.apache.james.mime4j.storage.StorageOutputStream.write(int)",2,1,3
"org.apache.james.mime4j.storage.TempFileStorageProvider.TempFileStorage.TempFileStorage(File)",1,1,1
"org.apache.james.mime4j.storage.TempFileStorageProvider.TempFileStorage.delete()",1,4,4
"org.apache.james.mime4j.storage.TempFileStorageProvider.TempFileStorage.getInputStream()",2,1,2
"org.apache.james.mime4j.storage.TempFileStorageProvider.TempFileStorageOutputStream.TempFileStorageOutputStream(File)",1,1,1
"org.apache.james.mime4j.storage.TempFileStorageProvider.TempFileStorageOutputStream.close()",1,1,1
"org.apache.james.mime4j.storage.TempFileStorageProvider.TempFileStorageOutputStream.toStorage0()",1,1,1
"org.apache.james.mime4j.storage.TempFileStorageProvider.TempFileStorageOutputStream.write0(byte[],int,int)",1,1,1
"org.apache.james.mime4j.storage.TempFileStorageProvider.TempFileStorageProvider()",1,1,1
"org.apache.james.mime4j.storage.TempFileStorageProvider.TempFileStorageProvider(File)",1,1,1
"org.apache.james.mime4j.storage.TempFileStorageProvider.TempFileStorageProvider(String,String,File)",3,4,6
"org.apache.james.mime4j.storage.TempFileStorageProvider.createStorageOutputStream()",1,1,1
"org.apache.james.mime4j.storage.ThresholdStorageProvider.ThresholdStorage.ThresholdStorage(byte[],int,Storage)",1,1,1
"org.apache.james.mime4j.storage.ThresholdStorageProvider.ThresholdStorage.delete()",1,2,2
"org.apache.james.mime4j.storage.ThresholdStorageProvider.ThresholdStorage.getInputStream()",2,1,2
"org.apache.james.mime4j.storage.ThresholdStorageProvider.ThresholdStorageOutputStream.ThresholdStorageOutputStream()",1,1,1
"org.apache.james.mime4j.storage.ThresholdStorageProvider.ThresholdStorageOutputStream.close()",1,2,2
"org.apache.james.mime4j.storage.ThresholdStorageProvider.ThresholdStorageOutputStream.toStorage0()",2,2,2
"org.apache.james.mime4j.storage.ThresholdStorageProvider.ThresholdStorageOutputStream.write0(byte[],int,int)",1,4,4
"org.apache.james.mime4j.storage.ThresholdStorageProvider.ThresholdStorageProvider(StorageProvider)",1,1,1
"org.apache.james.mime4j.storage.ThresholdStorageProvider.ThresholdStorageProvider(StorageProvider,int)",3,1,3
"org.apache.james.mime4j.storage.ThresholdStorageProvider.createStorageOutputStream()",1,1,1
"org.apache.james.mime4j.util.ByteArrayBuffer.ByteArrayBuffer(byte[],boolean)",1,1,1
"org.apache.james.mime4j.util.ByteArrayBuffer.ByteArrayBuffer(byte[],int,boolean)",3,2,5
"org.apache.james.mime4j.util.ByteArrayBuffer.ByteArrayBuffer(int)",2,1,2
"org.apache.james.mime4j.util.ByteArrayBuffer.append(byte[],int,int)",4,2,9
"org.apache.james.mime4j.util.ByteArrayBuffer.append(int)",1,2,2
"org.apache.james.mime4j.util.ByteArrayBuffer.buffer()",1,1,1
"org.apache.james.mime4j.util.ByteArrayBuffer.byteAt(int)",2,1,3
"org.apache.james.mime4j.util.ByteArrayBuffer.capacity()",1,1,1
"org.apache.james.mime4j.util.ByteArrayBuffer.clear()",1,1,1
"org.apache.james.mime4j.util.ByteArrayBuffer.expand(int)",1,1,1
"org.apache.james.mime4j.util.ByteArrayBuffer.indexOf(byte)",1,1,1
"org.apache.james.mime4j.util.ByteArrayBuffer.indexOf(byte,int,int)",4,1,6
"org.apache.james.mime4j.util.ByteArrayBuffer.isEmpty()",1,1,1
"org.apache.james.mime4j.util.ByteArrayBuffer.isFull()",1,1,1
"org.apache.james.mime4j.util.ByteArrayBuffer.length()",1,1,1
"org.apache.james.mime4j.util.ByteArrayBuffer.setLength(int)",2,1,3
"org.apache.james.mime4j.util.ByteArrayBuffer.toByteArray()",1,2,2
"org.apache.james.mime4j.util.ByteArrayBuffer.toString()",1,1,1
"org.apache.james.mime4j.util.CharsetUtil.Charset.Charset(String,String,String[])",1,1,1
"org.apache.james.mime4j.util.CharsetUtil.Charset.compareTo(Charset)",1,1,1
"org.apache.james.mime4j.util.CharsetUtil.getCharset(String)",1,3,4
"org.apache.james.mime4j.util.CharsetUtil.isASCII(String)",4,2,4
"org.apache.james.mime4j.util.CharsetUtil.isASCII(char)",1,1,1
"org.apache.james.mime4j.util.CharsetUtil.isDecodingSupported(String)",1,1,1
"org.apache.james.mime4j.util.CharsetUtil.isEncodingSupported(String)",1,1,1
"org.apache.james.mime4j.util.CharsetUtil.isWhitespace(String)",4,2,4
"org.apache.james.mime4j.util.CharsetUtil.isWhitespace(char)",1,1,4
"org.apache.james.mime4j.util.CharsetUtil.toJavaCharset(String)",2,1,2
"org.apache.james.mime4j.util.CharsetUtil.toMimeCharset(String)",2,1,2
"org.apache.james.mime4j.util.ContentUtil.ContentUtil()",1,1,1
"org.apache.james.mime4j.util.ContentUtil.decode(ByteSequence)",1,1,1
"org.apache.james.mime4j.util.ContentUtil.decode(ByteSequence,int,int)",1,1,1
"org.apache.james.mime4j.util.ContentUtil.decode(Charset,ByteSequence)",1,1,1
"org.apache.james.mime4j.util.ContentUtil.decode(Charset,ByteSequence,int,int)",2,2,2
"org.apache.james.mime4j.util.ContentUtil.decode(Charset,byte[],int,int)",1,1,1
"org.apache.james.mime4j.util.ContentUtil.encode(Charset,String)",1,1,1
"org.apache.james.mime4j.util.ContentUtil.encode(String)",1,1,1
"org.apache.james.mime4j.util.EmptyByteSequence.byteAt(int)",1,1,1
"org.apache.james.mime4j.util.EmptyByteSequence.length()",1,1,1
"org.apache.james.mime4j.util.EmptyByteSequence.toByteArray()",1,1,1
"org.apache.james.mime4j.util.MimeUtil.MimeUtil()",1,1,1
"org.apache.james.mime4j.util.MimeUtil.Rfc822DateFormat.Rfc822DateFormat()",1,1,1
"org.apache.james.mime4j.util.MimeUtil.Rfc822DateFormat.format(Date,StringBuffer,FieldPosition)",1,2,2
"org.apache.james.mime4j.util.MimeUtil.createUniqueBoundary()",1,1,1
"org.apache.james.mime4j.util.MimeUtil.createUniqueMessageId(String)",1,2,2
"org.apache.james.mime4j.util.MimeUtil.fold(String,int)",4,4,5
"org.apache.james.mime4j.util.MimeUtil.formatDate(Date,TimeZone)",1,2,2
"org.apache.james.mime4j.util.MimeUtil.getHeaderParams(String)",6,15,32
"org.apache.james.mime4j.util.MimeUtil.indexOfWsp(String,int)",3,2,4
"org.apache.james.mime4j.util.MimeUtil.isBase64Encoding(String)",1,1,1
"org.apache.james.mime4j.util.MimeUtil.isMessage(String)",1,2,2
"org.apache.james.mime4j.util.MimeUtil.isMultipart(String)",1,2,2
"org.apache.james.mime4j.util.MimeUtil.isQuotedPrintableEncoded(String)",1,1,1
"org.apache.james.mime4j.util.MimeUtil.isSameMimeType(String,String)",1,3,3
"org.apache.james.mime4j.util.MimeUtil.nextCounterValue()",1,1,1
"org.apache.james.mime4j.util.MimeUtil.unfold(String)",3,3,4
"org.apache.james.mime4j.util.MimeUtil.unfold0(String,int)",1,4,5
"org.apache.james.mime4j.util.StringArrayMap.addMapValue(Map<String, Object>,String,String)",5,6,6
"org.apache.james.mime4j.util.StringArrayMap.addValue(String,String)",1,1,1
"org.apache.james.mime4j.util.StringArrayMap.asMap(Map<String, Object>)",1,2,2
"org.apache.james.mime4j.util.StringArrayMap.asString(Object)",5,2,5
"org.apache.james.mime4j.util.StringArrayMap.asStringArray(Object)",5,2,5
"org.apache.james.mime4j.util.StringArrayMap.asStringEnum(Object)",7,2,7
"org.apache.james.mime4j.util.StringArrayMap.convertName(String)",1,1,1
"org.apache.james.mime4j.util.StringArrayMap.getMap()",1,1,1
"org.apache.james.mime4j.util.StringArrayMap.getNameArray()",1,1,1
"org.apache.james.mime4j.util.StringArrayMap.getNames()",1,1,1
"org.apache.james.mime4j.util.StringArrayMap.getValue(String)",1,1,1
"org.apache.james.mime4j.util.StringArrayMap.getValueEnum(String)",1,1,1
"org.apache.james.mime4j.util.StringArrayMap.getValues(String)",1,1,1

Class,OCavg,WMC
"org.apache.james.mime4j.MimeException","1,00",3
"org.apache.james.mime4j.MimeIOException","1,00",2
"org.apache.james.mime4j.codec.Base64InputStream","4,80",48
"org.apache.james.mime4j.codec.Base64OutputStream","3,14",44
"org.apache.james.mime4j.codec.ByteQueue","1,14",8
"org.apache.james.mime4j.codec.CodecUtil","1,17",7
"org.apache.james.mime4j.codec.DecoderUtil","4,83",29
"org.apache.james.mime4j.codec.EncoderUtil","3,21",77
"org.apache.james.mime4j.codec.EncoderUtil.Encoding",n/a,0
"org.apache.james.mime4j.codec.EncoderUtil.Usage",n/a,0
"org.apache.james.mime4j.codec.QuotedPrintableEncoder","2,64",37
"org.apache.james.mime4j.codec.QuotedPrintableInputStream","6,00",36
"org.apache.james.mime4j.codec.QuotedPrintableOutputStream","1,40",7
"org.apache.james.mime4j.codec.UnboundedFifoByteBuffer","2,23",29
"org.apache.james.mime4j.descriptor.DefaultBodyDescriptor","2,08",27
"org.apache.james.mime4j.descriptor.MaximalBodyDescriptor","1,56",50
"org.apache.james.mime4j.field.AbstractField","1,18",13
"org.apache.james.mime4j.field.AddressListField","1,60",8
"org.apache.james.mime4j.field.ContentDispositionField","2,31",37
"org.apache.james.mime4j.field.ContentTransferEncodingField","1,25",5
"org.apache.james.mime4j.field.ContentTypeField","2,15",28
"org.apache.james.mime4j.field.DateTimeField","1,80",9
"org.apache.james.mime4j.field.DefaultFieldParser","1,00",1
"org.apache.james.mime4j.field.DelegatingFieldParser","1,33",4
"org.apache.james.mime4j.field.FieldName","1,00",1
"org.apache.james.mime4j.field.Fields","1,40",59
"org.apache.james.mime4j.field.MailboxField","1,80",9
"org.apache.james.mime4j.field.MailboxListField","1,60",8
"org.apache.james.mime4j.field.ParseException","1,00",3
"org.apache.james.mime4j.field.UnstructuredField","1,25",5
"org.apache.james.mime4j.field.address.Address","1,00",4
"org.apache.james.mime4j.field.address.AddressList","2,29",16
"org.apache.james.mime4j.field.address.Builder","2,75",33
"org.apache.james.mime4j.field.address.Builder.ChildNodeIterator","1,00",4
"org.apache.james.mime4j.field.address.DomainList","1,80",9
"org.apache.james.mime4j.field.address.Group","1,89",17
"org.apache.james.mime4j.field.address.Mailbox","1,94",33
"org.apache.james.mime4j.field.address.MailboxList","1,75",7
"org.apache.james.mime4j.field.address.parser.BaseNode",n/a,0
"org.apache.james.mime4j.field.address.parser.ParseException","4,50",27
"org.apache.james.mime4j.field.contentdisposition.parser.ParseException","4,50",27
"org.apache.james.mime4j.field.contenttype.parser.ParseException","4,50",27
"org.apache.james.mime4j.field.datetime.DateTime","2,27",34
"org.apache.james.mime4j.field.datetime.parser.ParseException","4,50",27
"org.apache.james.mime4j.field.language.parser.ParseException","4,50",27
"org.apache.james.mime4j.field.mimeversion.parser.ParseException","4,50",27
"org.apache.james.mime4j.field.structured.parser.ParseException","4,50",27
"org.apache.james.mime4j.io.BufferedLineReaderInputStream","2,64",66
"org.apache.james.mime4j.io.EOLConvertingInputStream","2,25",9
"org.apache.james.mime4j.io.LimitedInputStream","1,33",8
"org.apache.james.mime4j.io.LineNumberInputStream","1,75",7
"org.apache.james.mime4j.io.LineReaderInputStream","1,00",1
"org.apache.james.mime4j.io.LineReaderInputStreamAdaptor","1,67",15
"org.apache.james.mime4j.io.MaxHeaderLimitException","1,00",1
"org.apache.james.mime4j.io.MaxLineLimitException","1,00",1
"org.apache.james.mime4j.io.MimeBoundaryInputStream","3,71",52
"org.apache.james.mime4j.io.PositionInputStream","1,30",13
"org.apache.james.mime4j.message.BinaryBody","1,00",1
"org.apache.james.mime4j.message.BodyCopier","3,00",6
"org.apache.james.mime4j.message.BodyFactory","2,50",30
"org.apache.james.mime4j.message.BodyPart","1,00",2
"org.apache.james.mime4j.message.Entity","1,47",47
"org.apache.james.mime4j.message.Header","1,92",25
"org.apache.james.mime4j.message.Message","1,33",60
"org.apache.james.mime4j.message.MessageBuilder","1,35",23
"org.apache.james.mime4j.message.MessageWriter","2,67",24
"org.apache.james.mime4j.message.Multipart","1,45",32
"org.apache.james.mime4j.message.SimpleContentHandler","1,50",6
"org.apache.james.mime4j.message.SingleBody","1,00",5
"org.apache.james.mime4j.message.StorageBinaryBody","1,40",7
"org.apache.james.mime4j.message.StorageTextBody","1,33",8
"org.apache.james.mime4j.message.StringTextBody","1,60",8
"org.apache.james.mime4j.message.TextBody","1,00",1
"org.apache.james.mime4j.parser.AbstractContentHandler","1,00",13
"org.apache.james.mime4j.parser.AbstractEntity","4,69",61
"org.apache.james.mime4j.parser.Event","2,00",8
"org.apache.james.mime4j.parser.MimeEntity","3,27",49
"org.apache.james.mime4j.parser.MimeEntityConfig","1,00",15
"org.apache.james.mime4j.parser.MimeParseEventException","1,00",2
"org.apache.james.mime4j.parser.MimeStreamParser","3,00",27
"org.apache.james.mime4j.parser.MimeTokenStream","1,74",33
"org.apache.james.mime4j.parser.RawEntity","1,00",9
"org.apache.james.mime4j.parser.RawField","1,29",9
"org.apache.james.mime4j.storage.AbstractStorageProvider","1,00",2
"org.apache.james.mime4j.storage.CipherStorageProvider","1,25",5
"org.apache.james.mime4j.storage.CipherStorageProvider.CipherStorage","1,67",5
"org.apache.james.mime4j.storage.CipherStorageProvider.CipherStorageOutputStream","1,00",4
"org.apache.james.mime4j.storage.DefaultStorageProvider","1,60",8
"org.apache.james.mime4j.storage.MemoryStorageProvider","1,00",2
"org.apache.james.mime4j.storage.MemoryStorageProvider.MemoryStorage","1,33",4
"org.apache.james.mime4j.storage.MemoryStorageProvider.MemoryStorageOutputStream","1,00",2
"org.apache.james.mime4j.storage.MultiReferenceStorage","1,67",10
"org.apache.james.mime4j.storage.StorageOutputStream","2,83",17
"org.apache.james.mime4j.storage.TempFileStorageProvider","1,50",6
"org.apache.james.mime4j.storage.TempFileStorageProvider.TempFileStorage","2,33",7
"org.apache.james.mime4j.storage.TempFileStorageProvider.TempFileStorageOutputStream","1,00",4
"org.apache.james.mime4j.storage.ThresholdStorageProvider","1,67",5
"org.apache.james.mime4j.storage.ThresholdStorageProvider.ThresholdStorage","1,67",5
"org.apache.james.mime4j.storage.ThresholdStorageProvider.ThresholdStorageOutputStream","2,25",9
"org.apache.james.mime4j.util.ByteArrayBuffer","1,94",35
"org.apache.james.mime4j.util.CharsetUtil","2,67",24
"org.apache.james.mime4j.util.CharsetUtil.Charset","1,00",2
"org.apache.james.mime4j.util.ContentUtil","1,12",9
"org.apache.james.mime4j.util.EmptyByteSequence","1,00",3
"org.apache.james.mime4j.util.MimeUtil","3,75",60
"org.apache.james.mime4j.util.MimeUtil.Rfc822DateFormat","1,50",3
"org.apache.james.mime4j.util.StringArrayMap","2,18",37

Package,v(G)avg,v(G)tot
"javacc.org.apache.james.mime4j.field.contentdisposition","4,67",28
"javacc.org.apache.james.mime4j.field.contenttype","4,67",28
"javacc.org.apache.james.mime4j.field.datetime","4,67",28
"javacc.org.apache.james.mime4j.field.language","4,67",28
"javacc.org.apache.james.mime4j.field.mimeversion","4,67",28
"javacc.org.apache.james.mime4j.field.structured","4,67",28
"jjtree.org.apache.james.mime4j.field.address","4,67",28
"org.apache.james.mime4j","1,00",5
"org.apache.james.mime4j.codec","3,42",349
"org.apache.james.mime4j.descriptor","2,24",101
"org.apache.james.mime4j.field","1,82",215
"org.apache.james.mime4j.field.address","2,13",132
"org.apache.james.mime4j.field.datetime","2,33",35
"org.apache.james.mime4j.io","2,63",197
"org.apache.james.mime4j.message","1,65",296
"org.apache.james.mime4j.parser","2,23",236
"org.apache.james.mime4j.storage","1,79",104
"org.apache.james.mime4j.util","2,56",182

Module,v(G)avg,v(G)tot
"apache-mime4j-core","2,33",2.048

Project,v(G)avg,v(G)tot
"project","2,33",2.048

