Complexity metrics,Ter, 12 dez 2017 11:11:32 BRST
Method,ev(G),iv(G),v(G)
"org.apache.qpid.qmf2.agent.Agent.Agent(QmfCallback)",1,1,1
"org.apache.qpid.qmf2.agent.Agent.Agent(QmfCallback,int)",1,1,1
"org.apache.qpid.qmf2.agent.Agent.Agent(String,String,QmfCallback,int)",6,2,10
"org.apache.qpid.qmf2.agent.Agent.Heartbeat.run()",1,4,4
"org.apache.qpid.qmf2.agent.Agent.addObject(QmfAgentData)",3,11,13
"org.apache.qpid.qmf2.agent.Agent.destroy()",1,2,3
"org.apache.qpid.qmf2.agent.Agent.evaluateQuery(QmfQuery)",1,8,8
"org.apache.qpid.qmf2.agent.Agent.getEpoch()",1,1,1
"org.apache.qpid.qmf2.agent.Agent.getName()",1,1,1
"org.apache.qpid.qmf2.agent.Agent.getNextWorkitem()",1,1,1
"org.apache.qpid.qmf2.agent.Agent.getNextWorkitem(long)",1,1,1
"org.apache.qpid.qmf2.agent.Agent.getObject(ObjectId)",1,1,1
"org.apache.qpid.qmf2.agent.Agent.getWorkitemCount()",1,1,1
"org.apache.qpid.qmf2.agent.Agent.handleLocateRequest(Handle)",1,2,2
"org.apache.qpid.qmf2.agent.Agent.handleQueryRequest(Handle,QmfQuery)",6,19,20
"org.apache.qpid.qmf2.agent.Agent.methodResponse(String,Handle,QmfData,QmfData)",1,6,6
"org.apache.qpid.qmf2.agent.Agent.onMessage(Message)",1,20,20
"org.apache.qpid.qmf2.agent.Agent.queryResponse(Handle,List<Map>,String)",1,2,2
"org.apache.qpid.qmf2.agent.Agent.raiseEvent(QmfEvent)",1,2,2
"org.apache.qpid.qmf2.agent.Agent.raiseException(Handle,String)",1,2,2
"org.apache.qpid.qmf2.agent.Agent.registerEventClass(SchemaEventClass)",1,1,1
"org.apache.qpid.qmf2.agent.Agent.registerObjectClass(SchemaObjectClass)",1,1,1
"org.apache.qpid.qmf2.agent.Agent.releaseWorkitem()",1,1,1
"org.apache.qpid.qmf2.agent.Agent.removeConnection(Connection)",2,2,3
"org.apache.qpid.qmf2.agent.Agent.removeSubscription(Subscription)",1,1,1
"org.apache.qpid.qmf2.agent.Agent.sendResponse(Handle,Message)",1,3,3
"org.apache.qpid.qmf2.agent.Agent.sendSubscriptionIndicate(Handle,List<Map>)",1,2,2
"org.apache.qpid.qmf2.agent.Agent.setConnection(Connection)",1,1,1
"org.apache.qpid.qmf2.agent.Agent.setConnection(Connection,String)",3,3,7
"org.apache.qpid.qmf2.agent.Agent.setEpoch(int)",1,1,1
"org.apache.qpid.qmf2.agent.Agent.setInstance(String)",1,1,1
"org.apache.qpid.qmf2.agent.Agent.setProduct(String)",1,1,1
"org.apache.qpid.qmf2.agent.Agent.setVendor(String)",1,1,1
"org.apache.qpid.qmf2.agent.Agent.subscriptionResponse(Handle,Handle,String,long,long,QmfData)",1,4,4
"org.apache.qpid.qmf2.agent.AgentExternal.AgentExternal(QmfCallback)",1,1,1
"org.apache.qpid.qmf2.agent.AgentExternal.AgentExternal(QmfCallback,int)",1,1,1
"org.apache.qpid.qmf2.agent.AgentExternal.AgentExternal(String,String,QmfCallback,int)",1,1,1
"org.apache.qpid.qmf2.agent.AgentExternal.addObject(QmfAgentData)",1,1,1
"org.apache.qpid.qmf2.agent.AgentExternal.allocObjectId(String)",1,1,1
"org.apache.qpid.qmf2.agent.AgentExternal.freeObjectId(String)",1,1,1
"org.apache.qpid.qmf2.agent.AgentExternal.queryComplete(Handle,int)",1,3,3
"org.apache.qpid.qmf2.agent.AgentExternal.queryResponse(Handle,QmfAgentData)",1,2,2
"org.apache.qpid.qmf2.agent.AgentExternal.subscriptionCancel(Handle,String)",1,1,1
"org.apache.qpid.qmf2.agent.AgentExternal.subscriptionIndicate(Handle,List<QmfAgentData>)",1,2,2
"org.apache.qpid.qmf2.agent.MethodCallParams.MethodCallParams(Map)",1,2,3
"org.apache.qpid.qmf2.agent.MethodCallParams.getArgs()",1,1,1
"org.apache.qpid.qmf2.agent.MethodCallParams.getName()",1,1,1
"org.apache.qpid.qmf2.agent.MethodCallParams.getObjectId()",1,1,1
"org.apache.qpid.qmf2.agent.MethodCallParams.getUserId()",1,1,1
"org.apache.qpid.qmf2.agent.MethodCallParams.listValues()",1,1,1
"org.apache.qpid.qmf2.agent.MethodCallWorkItem.MethodCallWorkItem(Handle,MethodCallParams)",1,1,1
"org.apache.qpid.qmf2.agent.MethodCallWorkItem.getMethodCallParams()",1,1,1
"org.apache.qpid.qmf2.agent.QmfAgentData.QmfAgentData(SchemaObjectClass)",1,1,1
"org.apache.qpid.qmf2.agent.QmfAgentData.addSubscription(String,Subscription)",1,1,1
"org.apache.qpid.qmf2.agent.QmfAgentData.compareTo(QmfAgentData)",2,2,2
"org.apache.qpid.qmf2.agent.QmfAgentData.decValue(String,double)",1,1,1
"org.apache.qpid.qmf2.agent.QmfAgentData.decValue(String,long)",1,1,1
"org.apache.qpid.qmf2.agent.QmfAgentData.destroy()",1,1,1
"org.apache.qpid.qmf2.agent.QmfAgentData.getCreateTime()",1,1,1
"org.apache.qpid.qmf2.agent.QmfAgentData.getDeleteTime()",1,1,1
"org.apache.qpid.qmf2.agent.QmfAgentData.getSubscription(String)",1,1,1
"org.apache.qpid.qmf2.agent.QmfAgentData.getUpdateTime()",1,1,1
"org.apache.qpid.qmf2.agent.QmfAgentData.incValue(String,double)",1,1,1
"org.apache.qpid.qmf2.agent.QmfAgentData.incValue(String,long)",1,1,1
"org.apache.qpid.qmf2.agent.QmfAgentData.isDeleted()",1,1,1
"org.apache.qpid.qmf2.agent.QmfAgentData.isSortable()",1,1,1
"org.apache.qpid.qmf2.agent.QmfAgentData.listValues()",1,1,1
"org.apache.qpid.qmf2.agent.QmfAgentData.mapEncode()",1,2,2
"org.apache.qpid.qmf2.agent.QmfAgentData.publish()",2,2,3
"org.apache.qpid.qmf2.agent.QmfAgentData.removeSubscription(String)",1,1,1
"org.apache.qpid.qmf2.agent.QmfAgentData.setCompareKey(String)",1,1,1
"org.apache.qpid.qmf2.agent.QmfAgentData.update()",1,1,1
"org.apache.qpid.qmf2.agent.QueryWorkItem.QueryWorkItem(Handle,QmfQuery)",1,1,1
"org.apache.qpid.qmf2.agent.QueryWorkItem.getQmfQuery()",1,1,1
"org.apache.qpid.qmf2.agent.QueryWorkItem.getUserId()",1,1,1
"org.apache.qpid.qmf2.agent.ResubscribeParams.ResubscribeParams(Map)",1,1,1
"org.apache.qpid.qmf2.agent.ResubscribeParams.getLifetime()",1,1,1
"org.apache.qpid.qmf2.agent.ResubscribeParams.getSubscriptionId()",2,2,2
"org.apache.qpid.qmf2.agent.ResubscribeParams.getUserId()",1,1,1
"org.apache.qpid.qmf2.agent.ResubscribeRequestWorkItem.ResubscribeRequestWorkItem(Handle,ResubscribeParams)",1,1,1
"org.apache.qpid.qmf2.agent.ResubscribeRequestWorkItem.getResubscribeParams()",1,1,1
"org.apache.qpid.qmf2.agent.SubscribeRequestWorkItem.SubscribeRequestWorkItem(Handle,SubscriptionParams)",1,1,1
"org.apache.qpid.qmf2.agent.SubscribeRequestWorkItem.getSubscriptionParams()",1,1,1
"org.apache.qpid.qmf2.agent.Subscription.Subscription(SubscribableAgent,SubscriptionParams)",1,1,1
"org.apache.qpid.qmf2.agent.Subscription.cancel()",1,2,2
"org.apache.qpid.qmf2.agent.Subscription.getConsoleHandle()",1,1,1
"org.apache.qpid.qmf2.agent.Subscription.getDuration()",1,1,1
"org.apache.qpid.qmf2.agent.Subscription.getInterval()",1,1,1
"org.apache.qpid.qmf2.agent.Subscription.getQuery()",1,1,1
"org.apache.qpid.qmf2.agent.Subscription.getSubscriptionId()",1,1,1
"org.apache.qpid.qmf2.agent.Subscription.publish(List<Map>)",1,1,1
"org.apache.qpid.qmf2.agent.Subscription.refresh(ResubscribeParams)",1,1,1
"org.apache.qpid.qmf2.agent.Subscription.run()",1,6,6
"org.apache.qpid.qmf2.agent.Subscription.setDuration(long)",2,1,5
"org.apache.qpid.qmf2.agent.Subscription.setInterval(long)",1,1,3
"org.apache.qpid.qmf2.agent.SubscriptionParams.SubscriptionParams(Handle,Map)",1,1,1
"org.apache.qpid.qmf2.agent.SubscriptionParams.getConsoleHandle()",1,1,1
"org.apache.qpid.qmf2.agent.SubscriptionParams.getLifetime()",1,1,1
"org.apache.qpid.qmf2.agent.SubscriptionParams.getPublishInterval()",1,1,1
"org.apache.qpid.qmf2.agent.SubscriptionParams.getQuery()",1,1,1
"org.apache.qpid.qmf2.agent.SubscriptionParams.getUserId()",1,1,1
"org.apache.qpid.qmf2.agent.UnsubscribeRequestWorkItem.UnsubscribeRequestWorkItem(String)",1,1,1
"org.apache.qpid.qmf2.agent.UnsubscribeRequestWorkItem.getSubscriptionId()",1,1,1
"org.apache.qpid.qmf2.common.AMQPMessage.AMQPMessage()",1,1,1
"org.apache.qpid.qmf2.common.AMQPMessage.createListMessage(Session)",1,1,1
"org.apache.qpid.qmf2.common.AMQPMessage.getContentType(Message)",1,1,1
"org.apache.qpid.qmf2.common.AMQPMessage.getList(Message)",4,5,5
"org.apache.qpid.qmf2.common.AMQPMessage.getMap(Message)",4,6,7
"org.apache.qpid.qmf2.common.AMQPMessage.isAMQPList(Message)",2,2,3
"org.apache.qpid.qmf2.common.AMQPMessage.isAMQPMap(Message)",2,3,4
"org.apache.qpid.qmf2.common.AMQPMessage.setContentType(Message,String)",1,1,1
"org.apache.qpid.qmf2.common.AMQPMessage.setList(Message,List)",4,3,4
"org.apache.qpid.qmf2.common.BlockingNotifier.indication()",1,1,1
"org.apache.qpid.qmf2.common.BlockingNotifier.waitForWorkItem()",2,2,3
"org.apache.qpid.qmf2.common.BooleanEquals.BooleanEquals()",1,1,1
"org.apache.qpid.qmf2.common.BooleanEquals.BooleanEquals(List)",1,1,1
"org.apache.qpid.qmf2.common.BooleanEquals.create(List)",1,1,1
"org.apache.qpid.qmf2.common.BooleanEquals.evaluate(QmfData)",2,1,3
"org.apache.qpid.qmf2.common.BooleanExists.BooleanExists()",1,1,1
"org.apache.qpid.qmf2.common.BooleanExists.BooleanExists(List)",1,1,1
"org.apache.qpid.qmf2.common.BooleanExists.create(List)",1,1,1
"org.apache.qpid.qmf2.common.BooleanExists.evaluate(QmfData)",1,1,1
"org.apache.qpid.qmf2.common.BooleanExpression.BooleanExpression()",1,1,1
"org.apache.qpid.qmf2.common.BooleanExpression.BooleanExpression(int,List)",9,7,10
"org.apache.qpid.qmf2.common.BooleanExpression.createExpression(List)",3,1,3
"org.apache.qpid.qmf2.common.BooleanExpression.populateOperands(QmfData)",1,10,10
"org.apache.qpid.qmf2.common.BooleanFalse.BooleanFalse()",1,1,1
"org.apache.qpid.qmf2.common.BooleanFalse.create(List)",1,1,1
"org.apache.qpid.qmf2.common.BooleanFalse.evaluate(QmfData)",1,1,1
"org.apache.qpid.qmf2.common.BooleanGreaterEqual.BooleanGreaterEqual()",1,1,1
"org.apache.qpid.qmf2.common.BooleanGreaterEqual.BooleanGreaterEqual(List)",1,1,1
"org.apache.qpid.qmf2.common.BooleanGreaterEqual.create(List)",1,1,1
"org.apache.qpid.qmf2.common.BooleanGreaterEqual.evaluate(QmfData)",2,2,4
"org.apache.qpid.qmf2.common.BooleanGreaterThan.BooleanGreaterThan()",1,1,1
"org.apache.qpid.qmf2.common.BooleanGreaterThan.BooleanGreaterThan(List)",1,1,1
"org.apache.qpid.qmf2.common.BooleanGreaterThan.create(List)",1,1,1
"org.apache.qpid.qmf2.common.BooleanGreaterThan.evaluate(QmfData)",2,2,4
"org.apache.qpid.qmf2.common.BooleanLessEqual.BooleanLessEqual()",1,1,1
"org.apache.qpid.qmf2.common.BooleanLessEqual.BooleanLessEqual(List)",1,1,1
"org.apache.qpid.qmf2.common.BooleanLessEqual.create(List)",1,1,1
"org.apache.qpid.qmf2.common.BooleanLessEqual.evaluate(QmfData)",2,2,4
"org.apache.qpid.qmf2.common.BooleanLessThan.BooleanLessThan()",1,1,1
"org.apache.qpid.qmf2.common.BooleanLessThan.BooleanLessThan(List)",1,1,1
"org.apache.qpid.qmf2.common.BooleanLessThan.create(List)",1,1,1
"org.apache.qpid.qmf2.common.BooleanLessThan.evaluate(QmfData)",2,2,4
"org.apache.qpid.qmf2.common.BooleanNotEquals.BooleanNotEquals()",1,1,1
"org.apache.qpid.qmf2.common.BooleanNotEquals.BooleanNotEquals(List)",1,1,1
"org.apache.qpid.qmf2.common.BooleanNotEquals.create(List)",1,1,1
"org.apache.qpid.qmf2.common.BooleanNotEquals.evaluate(QmfData)",2,1,3
"org.apache.qpid.qmf2.common.BooleanRegexMatch.BooleanRegexMatch()",1,1,1
"org.apache.qpid.qmf2.common.BooleanRegexMatch.BooleanRegexMatch(List)",1,2,2
"org.apache.qpid.qmf2.common.BooleanRegexMatch.create(List)",1,1,1
"org.apache.qpid.qmf2.common.BooleanRegexMatch.evaluate(QmfData)",2,1,4
"org.apache.qpid.qmf2.common.BooleanTrue.BooleanTrue()",1,1,1
"org.apache.qpid.qmf2.common.BooleanTrue.create(List)",1,1,1
"org.apache.qpid.qmf2.common.BooleanTrue.evaluate(QmfData)",1,1,1
"org.apache.qpid.qmf2.common.Expression.createExpression(List)",5,1,5
"org.apache.qpid.qmf2.common.Handle.Handle(String)",1,1,1
"org.apache.qpid.qmf2.common.Handle.Handle(String,Destination)",1,1,1
"org.apache.qpid.qmf2.common.Handle.getCorrelationId()",1,1,1
"org.apache.qpid.qmf2.common.Handle.getReplyTo()",1,1,1
"org.apache.qpid.qmf2.common.Handle.getRoutingKey()",1,1,2
"org.apache.qpid.qmf2.common.LogicalAnd.LogicalAnd(List)",1,1,1
"org.apache.qpid.qmf2.common.LogicalAnd.evaluate(QmfData)",3,2,3
"org.apache.qpid.qmf2.common.LogicalExpression.LogicalExpression(List)",3,3,3
"org.apache.qpid.qmf2.common.LogicalNot.LogicalNot(List)",1,1,1
"org.apache.qpid.qmf2.common.LogicalNot.evaluate(QmfData)",3,2,3
"org.apache.qpid.qmf2.common.LogicalOr.LogicalOr(List)",1,1,1
"org.apache.qpid.qmf2.common.LogicalOr.evaluate(QmfData)",3,2,3
"org.apache.qpid.qmf2.common.NotifierWrapper.NotifierWrapper(Notifier,WorkQueue)",1,1,1
"org.apache.qpid.qmf2.common.NotifierWrapper.onEvent(WorkItem)",1,1,1
"org.apache.qpid.qmf2.common.NullQmfEventListener.onEvent(WorkItem)",1,1,1
"org.apache.qpid.qmf2.common.ObjectId.ObjectId(Map)",1,1,1
"org.apache.qpid.qmf2.common.ObjectId.ObjectId(QmfData)",1,1,1
"org.apache.qpid.qmf2.common.ObjectId.ObjectId(String)",1,2,4
"org.apache.qpid.qmf2.common.ObjectId.ObjectId(String,String,long)",1,1,1
"org.apache.qpid.qmf2.common.ObjectId.equals(Object)",2,2,2
"org.apache.qpid.qmf2.common.ObjectId.getAgentEpoch()",1,1,1
"org.apache.qpid.qmf2.common.ObjectId.getAgentName()",1,1,1
"org.apache.qpid.qmf2.common.ObjectId.getObjectName()",1,1,1
"org.apache.qpid.qmf2.common.ObjectId.hashCode()",1,1,1
"org.apache.qpid.qmf2.common.ObjectId.toString()",1,1,1
"org.apache.qpid.qmf2.common.QmfData.QmfData()",1,1,1
"org.apache.qpid.qmf2.common.QmfData.QmfData(Map)",1,2,3
"org.apache.qpid.qmf2.common.QmfData.getBoolean(Object)",7,7,7
"org.apache.qpid.qmf2.common.QmfData.getBooleanValue(String)",1,1,1
"org.apache.qpid.qmf2.common.QmfData.getDouble(Object)",4,4,4
"org.apache.qpid.qmf2.common.QmfData.getDoubleValue(String)",1,1,1
"org.apache.qpid.qmf2.common.QmfData.getLong(Object)",5,5,5
"org.apache.qpid.qmf2.common.QmfData.getLongValue(String)",1,1,1
"org.apache.qpid.qmf2.common.QmfData.getRefValue(String)",1,1,1
"org.apache.qpid.qmf2.common.QmfData.getString(Object)",4,4,4
"org.apache.qpid.qmf2.common.QmfData.getStringValue(String)",1,1,1
"org.apache.qpid.qmf2.common.QmfData.getSubtype(String)",2,1,2
"org.apache.qpid.qmf2.common.QmfData.getSubtypes()",1,1,1
"org.apache.qpid.qmf2.common.QmfData.getValue(String)",1,1,1
"org.apache.qpid.qmf2.common.QmfData.hasValue(String)",1,1,1
"org.apache.qpid.qmf2.common.QmfData.listValues()",1,4,4
"org.apache.qpid.qmf2.common.QmfData.mapEncode()",1,1,1
"org.apache.qpid.qmf2.common.QmfData.setRefValue(String,ObjectId)",1,1,1
"org.apache.qpid.qmf2.common.QmfData.setRefValue(String,ObjectId,String)",1,1,1
"org.apache.qpid.qmf2.common.QmfData.setSubtype(String,String)",1,1,2
"org.apache.qpid.qmf2.common.QmfData.setSubtypes(Map)",1,1,1
"org.apache.qpid.qmf2.common.QmfData.setValue(String,Object)",1,1,1
"org.apache.qpid.qmf2.common.QmfData.setValue(String,Object,String)",1,1,1
"org.apache.qpid.qmf2.common.QmfDescribed.QmfDescribed()",1,1,1
"org.apache.qpid.qmf2.common.QmfDescribed.QmfDescribed(Map)",1,2,2
"org.apache.qpid.qmf2.common.QmfDescribed.getSchemaClassId()",1,1,1
"org.apache.qpid.qmf2.common.QmfDescribed.listValues()",1,1,1
"org.apache.qpid.qmf2.common.QmfDescribed.setSchemaClassId(SchemaClassId)",1,1,1
"org.apache.qpid.qmf2.common.QmfEvent.QmfEvent(Map)",1,3,3
"org.apache.qpid.qmf2.common.QmfEvent.QmfEvent(SchemaEventClass)",1,1,1
"org.apache.qpid.qmf2.common.QmfEvent.getSeverity()",1,1,1
"org.apache.qpid.qmf2.common.QmfEvent.getTimestamp()",1,1,1
"org.apache.qpid.qmf2.common.QmfEvent.listValues()",1,1,1
"org.apache.qpid.qmf2.common.QmfEvent.mapEncode()",1,2,2
"org.apache.qpid.qmf2.common.QmfEvent.setSeverity(String)",3,2,3
"org.apache.qpid.qmf2.common.QmfEvent.setSeverity(int)",2,1,3
"org.apache.qpid.qmf2.common.QmfEvent.toString()",2,2,4
"org.apache.qpid.qmf2.common.QmfException.QmfException(String)",1,1,1
"org.apache.qpid.qmf2.common.QmfManaged.QmfManaged()",1,1,1
"org.apache.qpid.qmf2.common.QmfManaged.QmfManaged(Map)",1,2,2
"org.apache.qpid.qmf2.common.QmfManaged.getObjectId()",1,1,1
"org.apache.qpid.qmf2.common.QmfManaged.listValues()",1,1,1
"org.apache.qpid.qmf2.common.QmfManaged.setObjectId(ObjectId)",1,1,1
"org.apache.qpid.qmf2.common.QmfQuery.QmfQuery()",1,1,1
"org.apache.qpid.qmf2.common.QmfQuery.QmfQuery(Map)",1,4,4
"org.apache.qpid.qmf2.common.QmfQuery.QmfQuery(QmfQueryTarget)",1,1,1
"org.apache.qpid.qmf2.common.QmfQuery.QmfQuery(QmfQueryTarget,ObjectId)",1,1,1
"org.apache.qpid.qmf2.common.QmfQuery.QmfQuery(QmfQueryTarget,SchemaClassId)",1,1,1
"org.apache.qpid.qmf2.common.QmfQuery.QmfQuery(QmfQueryTarget,String)",2,2,2
"org.apache.qpid.qmf2.common.QmfQuery.evaluate(QmfData)",8,10,13
"org.apache.qpid.qmf2.common.QmfQuery.getObjectId()",1,1,1
"org.apache.qpid.qmf2.common.QmfQuery.getPredicate()",1,1,1
"org.apache.qpid.qmf2.common.QmfQuery.getSchemaClassId()",1,1,1
"org.apache.qpid.qmf2.common.QmfQuery.getSelector()",3,1,4
"org.apache.qpid.qmf2.common.QmfQuery.getTarget()",1,1,1
"org.apache.qpid.qmf2.common.QmfQuery.getTargetParam()",1,1,1
"org.apache.qpid.qmf2.common.QmfQuery.listValues()",1,4,4
"org.apache.qpid.qmf2.common.SchemaClass.SchemaClass()",1,1,1
"org.apache.qpid.qmf2.common.SchemaClass.SchemaClass(Map)",1,1,1
"org.apache.qpid.qmf2.common.SchemaClass.generateHash()",1,1,2
"org.apache.qpid.qmf2.common.SchemaClass.getClassId()",1,2,2
"org.apache.qpid.qmf2.common.SchemaClass.listValues()",1,1,1
"org.apache.qpid.qmf2.common.SchemaClass.setClassId(SchemaClassId)",1,1,1
"org.apache.qpid.qmf2.common.SchemaClass.updateHash(MessageDigest)",1,1,2
"org.apache.qpid.qmf2.common.SchemaClassId.SchemaClassId(Map)",1,2,2
"org.apache.qpid.qmf2.common.SchemaClassId.SchemaClassId(String)",1,1,1
"org.apache.qpid.qmf2.common.SchemaClassId.SchemaClassId(String,String)",1,1,1
"org.apache.qpid.qmf2.common.SchemaClassId.SchemaClassId(String,String,String)",1,1,1
"org.apache.qpid.qmf2.common.SchemaClassId.SchemaClassId(String,String,String,UUID)",1,5,5
"org.apache.qpid.qmf2.common.SchemaClassId.equals(Object)",2,2,2
"org.apache.qpid.qmf2.common.SchemaClassId.getClassName()",1,1,1
"org.apache.qpid.qmf2.common.SchemaClassId.getHashString()",1,1,1
"org.apache.qpid.qmf2.common.SchemaClassId.getPackageName()",1,1,1
"org.apache.qpid.qmf2.common.SchemaClassId.getType()",1,1,1
"org.apache.qpid.qmf2.common.SchemaClassId.hashCode()",1,1,1
"org.apache.qpid.qmf2.common.SchemaClassId.listValues()",1,1,1
"org.apache.qpid.qmf2.common.SchemaEventClass.SchemaEventClass(Map)",1,4,4
"org.apache.qpid.qmf2.common.SchemaEventClass.SchemaEventClass(SchemaClassId)",1,1,1
"org.apache.qpid.qmf2.common.SchemaEventClass.SchemaEventClass(String,String)",1,1,1
"org.apache.qpid.qmf2.common.SchemaEventClass.addProperty(SchemaProperty)",1,1,1
"org.apache.qpid.qmf2.common.SchemaEventClass.addProperty(String,SchemaProperty)",1,1,1
"org.apache.qpid.qmf2.common.SchemaEventClass.getDefaultSeverity()",1,1,1
"org.apache.qpid.qmf2.common.SchemaEventClass.getDesc()",1,1,1
"org.apache.qpid.qmf2.common.SchemaEventClass.getProperties()",1,1,1
"org.apache.qpid.qmf2.common.SchemaEventClass.getProperty(String)",3,2,3
"org.apache.qpid.qmf2.common.SchemaEventClass.getProperty(int)",1,1,1
"org.apache.qpid.qmf2.common.SchemaEventClass.getPropertyCount()",1,1,1
"org.apache.qpid.qmf2.common.SchemaEventClass.listValues()",1,5,5
"org.apache.qpid.qmf2.common.SchemaEventClass.mapEncode()",1,2,2
"org.apache.qpid.qmf2.common.SchemaEventClass.setDefaultSeverity(int)",1,1,1
"org.apache.qpid.qmf2.common.SchemaEventClass.setDesc(String)",1,1,1
"org.apache.qpid.qmf2.common.SchemaEventClass.updateHash(MessageDigest)",1,2,2
"org.apache.qpid.qmf2.common.SchemaMethod.SchemaMethod(Map)",1,4,4
"org.apache.qpid.qmf2.common.SchemaMethod.SchemaMethod(Map<String, SchemaProperty>,String)",1,3,3
"org.apache.qpid.qmf2.common.SchemaMethod.SchemaMethod(String)",1,1,1
"org.apache.qpid.qmf2.common.SchemaMethod.SchemaMethod(String,String)",1,2,2
"org.apache.qpid.qmf2.common.SchemaMethod.addArgument(SchemaProperty)",1,1,1
"org.apache.qpid.qmf2.common.SchemaMethod.addArgument(String,SchemaProperty)",1,1,1
"org.apache.qpid.qmf2.common.SchemaMethod.getArgument(String)",3,2,3
"org.apache.qpid.qmf2.common.SchemaMethod.getArgument(int)",1,1,1
"org.apache.qpid.qmf2.common.SchemaMethod.getArgumentCount()",1,1,1
"org.apache.qpid.qmf2.common.SchemaMethod.getArguments()",1,1,1
"org.apache.qpid.qmf2.common.SchemaMethod.getDesc()",1,1,1
"org.apache.qpid.qmf2.common.SchemaMethod.getName()",1,1,1
"org.apache.qpid.qmf2.common.SchemaMethod.listValues()",1,4,4
"org.apache.qpid.qmf2.common.SchemaMethod.mapEncode()",1,2,2
"org.apache.qpid.qmf2.common.SchemaMethod.setName(String)",1,1,1
"org.apache.qpid.qmf2.common.SchemaMethod.updateHash(MessageDigest)",1,2,3
"org.apache.qpid.qmf2.common.SchemaObjectClass.SchemaObjectClass(Map)",1,6,6
"org.apache.qpid.qmf2.common.SchemaObjectClass.SchemaObjectClass(SchemaClassId)",1,1,1
"org.apache.qpid.qmf2.common.SchemaObjectClass.SchemaObjectClass(String,String)",1,1,1
"org.apache.qpid.qmf2.common.SchemaObjectClass.addMethod(SchemaMethod)",1,1,1
"org.apache.qpid.qmf2.common.SchemaObjectClass.addMethod(String,SchemaMethod)",1,1,1
"org.apache.qpid.qmf2.common.SchemaObjectClass.addProperty(SchemaProperty)",1,1,1
"org.apache.qpid.qmf2.common.SchemaObjectClass.addProperty(String,SchemaProperty)",1,1,1
"org.apache.qpid.qmf2.common.SchemaObjectClass.getDesc()",1,1,1
"org.apache.qpid.qmf2.common.SchemaObjectClass.getIdNames()",1,1,1
"org.apache.qpid.qmf2.common.SchemaObjectClass.getMethod(String)",3,2,3
"org.apache.qpid.qmf2.common.SchemaObjectClass.getMethod(int)",1,1,1
"org.apache.qpid.qmf2.common.SchemaObjectClass.getMethodCount()",1,1,1
"org.apache.qpid.qmf2.common.SchemaObjectClass.getMethods()",1,1,1
"org.apache.qpid.qmf2.common.SchemaObjectClass.getProperties()",1,1,1
"org.apache.qpid.qmf2.common.SchemaObjectClass.getProperty(String)",3,2,3
"org.apache.qpid.qmf2.common.SchemaObjectClass.getProperty(int)",1,1,1
"org.apache.qpid.qmf2.common.SchemaObjectClass.getPropertyCount()",1,1,1
"org.apache.qpid.qmf2.common.SchemaObjectClass.listValues()",1,6,6
"org.apache.qpid.qmf2.common.SchemaObjectClass.mapEncode()",1,3,3
"org.apache.qpid.qmf2.common.SchemaObjectClass.setDesc(String)",1,1,1
"org.apache.qpid.qmf2.common.SchemaObjectClass.setIdNames(String...)",1,1,1
"org.apache.qpid.qmf2.common.SchemaObjectClass.updateHash(MessageDigest)",1,3,3
"org.apache.qpid.qmf2.common.SchemaProperty.SchemaProperty(Map)",1,1,1
"org.apache.qpid.qmf2.common.SchemaProperty.SchemaProperty(String,QmfType)",1,1,1
"org.apache.qpid.qmf2.common.SchemaProperty.SchemaProperty(String,QmfType,String)",8,18,18
"org.apache.qpid.qmf2.common.SchemaProperty.getAccess()",1,1,1
"org.apache.qpid.qmf2.common.SchemaProperty.getAttribute(String)",1,1,1
"org.apache.qpid.qmf2.common.SchemaProperty.getDesc()",1,1,1
"org.apache.qpid.qmf2.common.SchemaProperty.getDirection()",1,1,1
"org.apache.qpid.qmf2.common.SchemaProperty.getMax()",1,1,1
"org.apache.qpid.qmf2.common.SchemaProperty.getMaxLen()",1,1,1
"org.apache.qpid.qmf2.common.SchemaProperty.getMin()",1,1,1
"org.apache.qpid.qmf2.common.SchemaProperty.getName()",1,1,1
"org.apache.qpid.qmf2.common.SchemaProperty.getReference()",1,1,1
"org.apache.qpid.qmf2.common.SchemaProperty.getSubtype()",1,1,1
"org.apache.qpid.qmf2.common.SchemaProperty.getType()",1,1,1
"org.apache.qpid.qmf2.common.SchemaProperty.getUnit()",1,1,1
"org.apache.qpid.qmf2.common.SchemaProperty.isIndex()",1,2,2
"org.apache.qpid.qmf2.common.SchemaProperty.isOptional()",1,2,2
"org.apache.qpid.qmf2.common.SchemaProperty.listValues()",1,12,12
"org.apache.qpid.qmf2.common.SchemaProperty.updateHash(MessageDigest)",1,3,4
"org.apache.qpid.qmf2.common.WorkItem.WorkItem(WorkItemType,Handle,Object)",1,1,1
"org.apache.qpid.qmf2.common.WorkItem.getHandle()",1,1,1
"org.apache.qpid.qmf2.common.WorkItem.getParams()",1,1,1
"org.apache.qpid.qmf2.common.WorkItem.getType()",1,1,1
"org.apache.qpid.qmf2.common.WorkQueue.addWorkItem(WorkItem)",2,2,3
"org.apache.qpid.qmf2.common.WorkQueue.getNextWorkitem()",1,1,2
"org.apache.qpid.qmf2.common.WorkQueue.getNextWorkitem(long)",1,1,2
"org.apache.qpid.qmf2.common.WorkQueue.size()",1,1,1
"org.apache.qpid.qmf2.console.Agent.Agent(Map,AgentProxy)",1,4,4
"org.apache.qpid.qmf2.console.Agent.clearSchemaCache()",1,1,1
"org.apache.qpid.qmf2.console.Agent.createRequest(ObjectId,String,QmfData)",1,4,4
"org.apache.qpid.qmf2.console.Agent.deactivate()",1,1,1
"org.apache.qpid.qmf2.console.Agent.destroy()",1,1,1
"org.apache.qpid.qmf2.console.Agent.disableEvents()",1,1,1
"org.apache.qpid.qmf2.console.Agent.enableEvents()",1,1,1
"org.apache.qpid.qmf2.console.Agent.eventsEnabled()",1,1,1
"org.apache.qpid.qmf2.console.Agent.getClasses()",2,2,2
"org.apache.qpid.qmf2.console.Agent.getEpoch()",1,1,1
"org.apache.qpid.qmf2.console.Agent.getHeartbeatInterval()",1,1,1
"org.apache.qpid.qmf2.console.Agent.getInstance()",1,1,1
"org.apache.qpid.qmf2.console.Agent.getName()",1,1,1
"org.apache.qpid.qmf2.console.Agent.getPackages()",1,1,1
"org.apache.qpid.qmf2.console.Agent.getProduct()",1,1,1
"org.apache.qpid.qmf2.console.Agent.getSchema(SchemaClassId)",2,2,2
"org.apache.qpid.qmf2.console.Agent.getTimestamp()",1,1,1
"org.apache.qpid.qmf2.console.Agent.getVendor()",1,1,1
"org.apache.qpid.qmf2.console.Agent.initialise(Map)",1,4,5
"org.apache.qpid.qmf2.console.Agent.invokeMethod(ObjectId,String,QmfData,String)",2,2,2
"org.apache.qpid.qmf2.console.Agent.invokeMethod(ObjectId,String,QmfData,int)",2,2,2
"org.apache.qpid.qmf2.console.Agent.invokeMethod(String,QmfData)",1,1,1
"org.apache.qpid.qmf2.console.Agent.invokeMethod(String,QmfData,String)",1,1,1
"org.apache.qpid.qmf2.console.Agent.invokeMethod(String,QmfData,int)",1,1,1
"org.apache.qpid.qmf2.console.Agent.isActive()",1,1,1
"org.apache.qpid.qmf2.console.Agent.listValues()",1,1,1
"org.apache.qpid.qmf2.console.Agent.refresh(ObjectId,String,int)",2,2,2
"org.apache.qpid.qmf2.console.Agent.removeSubscription(SubscriptionManager)",1,1,1
"org.apache.qpid.qmf2.console.Agent.setClasses(List<SchemaClassId>)",2,4,4
"org.apache.qpid.qmf2.console.Agent.setEpoch(long)",1,1,1
"org.apache.qpid.qmf2.console.Agent.setSchema(SchemaClassId,List<SchemaClass>)",1,3,3
"org.apache.qpid.qmf2.console.AgentAccessWorkItem.AgentAccessWorkItem(WorkItemType,Handle,Object)",1,1,1
"org.apache.qpid.qmf2.console.AgentAccessWorkItem.getAgent()",1,1,1
"org.apache.qpid.qmf2.console.AgentAccessWorkItem.newParams(Agent,QmfEvent)",1,2,2
"org.apache.qpid.qmf2.console.AgentAddedWorkItem.AgentAddedWorkItem(Agent)",1,1,1
"org.apache.qpid.qmf2.console.AgentDeletedWorkItem.AgentDeletedWorkItem(Agent)",1,1,1
"org.apache.qpid.qmf2.console.AgentHeartbeatWorkItem.AgentHeartbeatWorkItem(Agent)",1,1,1
"org.apache.qpid.qmf2.console.AgentRestartedWorkItem.AgentRestartedWorkItem(Agent)",1,1,1
"org.apache.qpid.qmf2.console.Console.Console()",1,1,1
"org.apache.qpid.qmf2.console.Console.Console(QmfCallback)",1,1,1
"org.apache.qpid.qmf2.console.Console.Console(String,String,QmfCallback,String)",4,7,11
"org.apache.qpid.qmf2.console.Console.addConnection(Connection)",1,1,1
"org.apache.qpid.qmf2.console.Console.addConnection(Connection,String)",4,8,11
"org.apache.qpid.qmf2.console.Console.broadcastAgentLocate()",1,2,2
"org.apache.qpid.qmf2.console.Console.cancelSubscription(String)",4,4,7
"org.apache.qpid.qmf2.console.Console.createSubscription(Agent,QmfQuery,String)",1,1,1
"org.apache.qpid.qmf2.console.Console.createSubscription(Agent,QmfQuery,String,String)",9,12,16
"org.apache.qpid.qmf2.console.Console.destroy()",1,2,3
"org.apache.qpid.qmf2.console.Console.destroy(Agent)",1,1,1
"org.apache.qpid.qmf2.console.Console.disableAgentDiscovery()",1,1,1
"org.apache.qpid.qmf2.console.Console.disableEvents()",1,1,1
"org.apache.qpid.qmf2.console.Console.enableAgentDiscovery()",1,1,1
"org.apache.qpid.qmf2.console.Console.enableAgentDiscovery(QmfQuery)",1,1,1
"org.apache.qpid.qmf2.console.Console.findAgent(String)",1,1,1
"org.apache.qpid.qmf2.console.Console.findAgent(String,int)",4,3,5
"org.apache.qpid.qmf2.console.Console.getAddress()",1,1,1
"org.apache.qpid.qmf2.console.Console.getAgent(String)",6,8,10
"org.apache.qpid.qmf2.console.Console.getAgents()",1,1,1
"org.apache.qpid.qmf2.console.Console.getClasses()",1,2,2
"org.apache.qpid.qmf2.console.Console.getClasses(Agent)",3,6,7
"org.apache.qpid.qmf2.console.Console.getNextWorkitem()",1,1,1
"org.apache.qpid.qmf2.console.Console.getNextWorkitem(long)",1,1,1
"org.apache.qpid.qmf2.console.Console.getObjects(Agent,QmfData,String,int)",4,8,11
"org.apache.qpid.qmf2.console.Console.getObjects(QmfData)",1,1,1
"org.apache.qpid.qmf2.console.Console.getObjects(QmfData,List<Agent>)",1,1,1
"org.apache.qpid.qmf2.console.Console.getObjects(QmfData,int)",1,1,1
"org.apache.qpid.qmf2.console.Console.getObjects(QmfData,int,List<Agent>)",1,2,2
"org.apache.qpid.qmf2.console.Console.getObjects(String)",1,1,1
"org.apache.qpid.qmf2.console.Console.getObjects(String,List<Agent>)",1,1,1
"org.apache.qpid.qmf2.console.Console.getObjects(String,String)",1,1,1
"org.apache.qpid.qmf2.console.Console.getObjects(String,String,List<Agent>)",1,1,1
"org.apache.qpid.qmf2.console.Console.getObjects(String,String,int)",1,1,1
"org.apache.qpid.qmf2.console.Console.getObjects(String,String,int,List<Agent>)",1,1,1
"org.apache.qpid.qmf2.console.Console.getObjects(String,int)",1,1,1
"org.apache.qpid.qmf2.console.Console.getObjects(String,int,List<Agent>)",1,1,1
"org.apache.qpid.qmf2.console.Console.getPackages()",1,2,2
"org.apache.qpid.qmf2.console.Console.getPackages(Agent)",1,1,1
"org.apache.qpid.qmf2.console.Console.getSchema(List<SchemaClassId>,Agent)",1,2,2
"org.apache.qpid.qmf2.console.Console.getSchema(SchemaClassId)",1,2,2
"org.apache.qpid.qmf2.console.Console.getSchema(SchemaClassId,Agent)",3,6,8
"org.apache.qpid.qmf2.console.Console.getWorkitemCount()",1,1,1
"org.apache.qpid.qmf2.console.Console.handleAgentExpiry()",1,7,8
"org.apache.qpid.qmf2.console.Console.invokeMethod(Agent,Map<String, Object>,String,int)",5,5,9
"org.apache.qpid.qmf2.console.Console.onMessage(Message)",4,57,59
"org.apache.qpid.qmf2.console.Console.refresh(Agent,ObjectId,String,int)",1,2,2
"org.apache.qpid.qmf2.console.Console.refreshSubscription(String)",1,1,1
"org.apache.qpid.qmf2.console.Console.refreshSubscription(String,String)",8,13,17
"org.apache.qpid.qmf2.console.Console.releaseWorkitem()",1,1,1
"org.apache.qpid.qmf2.console.Console.removeConnection(Connection)",2,2,3
"org.apache.qpid.qmf2.console.Console.removeSubscription(SubscriptionManager)",1,3,3
"org.apache.qpid.qmf2.console.EventReceivedWorkItem.EventReceivedWorkItem(Agent,QmfEvent)",1,1,1
"org.apache.qpid.qmf2.console.EventReceivedWorkItem.getEvent()",1,1,1
"org.apache.qpid.qmf2.console.MethodResponseWorkItem.MethodResponseWorkItem(Handle,MethodResult)",1,1,1
"org.apache.qpid.qmf2.console.MethodResponseWorkItem.getMethodResult()",1,1,1
"org.apache.qpid.qmf2.console.MethodResult.MethodResult(Map)",1,6,7
"org.apache.qpid.qmf2.console.MethodResult.getArgument(String)",2,2,2
"org.apache.qpid.qmf2.console.MethodResult.getArguments()",1,1,1
"org.apache.qpid.qmf2.console.MethodResult.getException()",1,1,1
"org.apache.qpid.qmf2.console.MethodResult.getQmfException()",4,4,4
"org.apache.qpid.qmf2.console.MethodResult.succeeded()",1,1,1
"org.apache.qpid.qmf2.console.ObjectUpdateWorkItem.ObjectUpdateWorkItem(Handle,QmfConsoleData)",1,1,1
"org.apache.qpid.qmf2.console.ObjectUpdateWorkItem.getQmfConsoleData()",1,1,1
"org.apache.qpid.qmf2.console.QmfConsoleData.QmfConsoleData(Map,Agent)",1,4,4
"org.apache.qpid.qmf2.console.QmfConsoleData.getCreateTime()",1,1,1
"org.apache.qpid.qmf2.console.QmfConsoleData.getDeleteTime()",1,1,1
"org.apache.qpid.qmf2.console.QmfConsoleData.getTimestamps()",1,1,1
"org.apache.qpid.qmf2.console.QmfConsoleData.getUpdateTime()",1,1,1
"org.apache.qpid.qmf2.console.QmfConsoleData.initialise(Map)",1,4,5
"org.apache.qpid.qmf2.console.QmfConsoleData.initialise(QmfConsoleData)",1,1,1
"org.apache.qpid.qmf2.console.QmfConsoleData.invokeMethod(String,QmfData)",2,1,2
"org.apache.qpid.qmf2.console.QmfConsoleData.invokeMethod(String,QmfData,String)",2,1,2
"org.apache.qpid.qmf2.console.QmfConsoleData.invokeMethod(String,QmfData,int)",2,1,2
"org.apache.qpid.qmf2.console.QmfConsoleData.isDeleted()",1,1,1
"org.apache.qpid.qmf2.console.QmfConsoleData.listValues()",1,1,1
"org.apache.qpid.qmf2.console.QmfConsoleData.refresh()",1,1,1
"org.apache.qpid.qmf2.console.QmfConsoleData.refresh(String)",2,1,2
"org.apache.qpid.qmf2.console.QmfConsoleData.refresh(int)",2,2,3
"org.apache.qpid.qmf2.console.SubscribeIndication.SubscribeIndication(String,List<QmfConsoleData>)",1,1,1
"org.apache.qpid.qmf2.console.SubscribeIndication.getConsoleHandle()",1,1,1
"org.apache.qpid.qmf2.console.SubscribeIndication.getData()",1,1,1
"org.apache.qpid.qmf2.console.SubscribeParams.SubscribeParams(String,Map)",1,1,1
"org.apache.qpid.qmf2.console.SubscribeParams.getConsoleHandle()",1,1,1
"org.apache.qpid.qmf2.console.SubscribeParams.getError()",2,1,2
"org.apache.qpid.qmf2.console.SubscribeParams.getLifetime()",1,1,1
"org.apache.qpid.qmf2.console.SubscribeParams.getPublishInterval()",1,1,1
"org.apache.qpid.qmf2.console.SubscribeParams.getSubscriptionId()",2,2,2
"org.apache.qpid.qmf2.console.SubscribeParams.setConsoleHandle(String)",1,1,1
"org.apache.qpid.qmf2.console.SubscribeResponseWorkItem.SubscribeResponseWorkItem(Handle,SubscribeParams)",1,1,1
"org.apache.qpid.qmf2.console.SubscribeResponseWorkItem.getSubscribeParams()",1,1,1
"org.apache.qpid.qmf2.console.SubscriptionIndicationWorkItem.SubscriptionIndicationWorkItem(SubscribeIndication)",1,1,1
"org.apache.qpid.qmf2.console.SubscriptionIndicationWorkItem.getSubscribeIndication()",1,1,1
"org.apache.qpid.qmf2.console.SubscriptionManager.SubscriptionManager(Agent,QmfQuery,String,String,long,long)",1,1,1
"org.apache.qpid.qmf2.console.SubscriptionManager.await(long)",3,2,4
"org.apache.qpid.qmf2.console.SubscriptionManager.cancel()",1,1,1
"org.apache.qpid.qmf2.console.SubscriptionManager.getAgent()",1,1,1
"org.apache.qpid.qmf2.console.SubscriptionManager.getConsoleHandle()",1,1,1
"org.apache.qpid.qmf2.console.SubscriptionManager.getQuery()",1,1,1
"org.apache.qpid.qmf2.console.SubscriptionManager.getReplyHandle()",1,1,1
"org.apache.qpid.qmf2.console.SubscriptionManager.getSubscriptionId()",1,1,1
"org.apache.qpid.qmf2.console.SubscriptionManager.mapEncode()",1,1,1
"org.apache.qpid.qmf2.console.SubscriptionManager.refresh()",1,1,1
"org.apache.qpid.qmf2.console.SubscriptionManager.run()",1,3,3
"org.apache.qpid.qmf2.console.SubscriptionManager.setDuration(long)",1,1,1
"org.apache.qpid.qmf2.console.SubscriptionManager.setSubscriptionId(String)",1,1,1
"org.apache.qpid.qmf2.console.SubscriptionManager.signal()",1,1,1
"org.apache.qpid.qmf2.test.AgentExternalTest.AgentExternalTest(String)",1,3,4
"org.apache.qpid.qmf2.test.AgentExternalTest.Reaper.run()",1,3,3
"org.apache.qpid.qmf2.test.AgentExternalTest.addObject(QmfAgentData)",1,5,5
"org.apache.qpid.qmf2.test.AgentExternalTest.evaluateQuery(QmfQuery)",1,8,8
"org.apache.qpid.qmf2.test.AgentExternalTest.main(String[])",1,2,3
"org.apache.qpid.qmf2.test.AgentExternalTest.onEvent(WorkItem)",1,26,26
"org.apache.qpid.qmf2.test.AgentExternalTest.populateData()",1,1,1
"org.apache.qpid.qmf2.test.AgentExternalTest.removeSubscription(Subscription)",1,1,1
"org.apache.qpid.qmf2.test.AgentExternalTest.sendSubscriptionIndicate(Handle,List<Map>)",1,1,1
"org.apache.qpid.qmf2.test.AgentExternalTest.setupSchema()",1,1,1
"org.apache.qpid.qmf2.test.AgentSubscriptionTestConsole.AgentSubscriptionTestConsole(String)",1,3,5
"org.apache.qpid.qmf2.test.AgentSubscriptionTestConsole.main(String[])",1,2,3
"org.apache.qpid.qmf2.test.AgentSubscriptionTestConsole.onEvent(WorkItem)",1,9,9
"org.apache.qpid.qmf2.test.AgentTest.AgentTest(String)",1,3,4
"org.apache.qpid.qmf2.test.AgentTest.main(String[])",1,2,3
"org.apache.qpid.qmf2.test.AgentTest.onEvent(WorkItem)",1,12,13
"org.apache.qpid.qmf2.test.AgentTest.populateData()",1,1,1
"org.apache.qpid.qmf2.test.AgentTest.setupSchema()",1,1,1
"org.apache.qpid.qmf2.test.AgentTestConsole.AgentTestConsole(String)",2,8,10
"org.apache.qpid.qmf2.test.AgentTestConsole.main(String[])",1,2,3
"org.apache.qpid.qmf2.test.AgentTestConsole.onEvent(WorkItem)",1,7,7
"org.apache.qpid.qmf2.test.BigPayloadAgentTest.BigPayloadAgentTest(String)",1,2,2
"org.apache.qpid.qmf2.test.BigPayloadAgentTest.main(String[])",1,2,3
"org.apache.qpid.qmf2.test.BigPayloadAgentTest.onEvent(WorkItem)",1,4,4
"org.apache.qpid.qmf2.test.BigPayloadAgentTest.populateData()",1,1,1
"org.apache.qpid.qmf2.test.BigPayloadAgentTest.setupSchema()",1,1,1
"org.apache.qpid.qmf2.test.BigPayloadAgentTestConsole.BigPayloadAgentTestConsole(String)",1,6,6
"org.apache.qpid.qmf2.test.BigPayloadAgentTestConsole.main(String[])",1,2,3
"org.apache.qpid.qmf2.test.BigPayloadAgentTestConsole.onEvent(WorkItem)",1,2,2
"org.apache.qpid.qmf2.test.BrokerSubscriptionTestConsole.BrokerSubscriptionTestConsole(String)",1,4,6
"org.apache.qpid.qmf2.test.BrokerSubscriptionTestConsole.main(String[])",1,2,3
"org.apache.qpid.qmf2.test.BrokerSubscriptionTestConsole.onEvent(WorkItem)",1,12,12
"org.apache.qpid.qmf2.test.InvokeMethodTest.InvokeMethodTest(String)",1,4,5
"org.apache.qpid.qmf2.test.InvokeMethodTest.main(String[])",1,1,2
"org.apache.qpid.qmf2.test.InvokeMethodTest.onEvent(WorkItem)",1,1,1
"org.apache.qpid.qmf2.test.PartialGetObjectsTest.PartialGetObjectsTest(String)",1,6,7
"org.apache.qpid.qmf2.test.PartialGetObjectsTest.main(String[])",1,2,3
"org.apache.qpid.qmf2.test.PartialGetObjectsTest.onEvent(WorkItem)",1,1,1
"org.apache.qpid.qmf2.test.SchemaTest.SchemaTest(String)",1,2,2
"org.apache.qpid.qmf2.test.SchemaTest.main(String[])",1,2,3
"org.apache.qpid.qmf2.test.SchemaTest.onEvent(WorkItem)",1,5,5
"org.apache.qpid.qmf2.test.Test1.Test1(String)",1,8,8
"org.apache.qpid.qmf2.test.Test1.main(String[])",1,1,2
"org.apache.qpid.qmf2.test.Test2.Test2(String)",1,10,10
"org.apache.qpid.qmf2.test.Test2.main(String[])",1,1,2
"org.apache.qpid.qmf2.test.Test3.Test3()",1,2,2
"org.apache.qpid.qmf2.test.Test3.main(String[])",1,1,1
"org.apache.qpid.qmf2.test.Test4.Test4()",1,2,2
"org.apache.qpid.qmf2.test.Test4.addObject(QmfAgentData)",2,4,6
"org.apache.qpid.qmf2.test.Test4.displayResults(List<QmfConsoleData>)",1,2,2
"org.apache.qpid.qmf2.test.Test4.evaluateDataQuery(QmfQuery)",1,7,7
"org.apache.qpid.qmf2.test.Test4.evaluateSchemaQuery(QmfQuery)",1,1,1
"org.apache.qpid.qmf2.test.Test4.main(String[])",1,1,1
"org.apache.qpid.qmf2.test.Test4.registerObjectClass(SchemaObjectClass)",1,1,1
"org.apache.qpid.qmf2.test.URLTest.main(String[])",1,1,1
"org.apache.qpid.qmf2.tools.ConnectionAudit.ConnectionAudit(String,String,String)",1,2,2
"org.apache.qpid.qmf2.tools.ConnectionAudit.checkExistingSubscriptions()",1,2,2
"org.apache.qpid.qmf2.tools.ConnectionAudit.dereference(ObjectId)",2,2,2
"org.apache.qpid.qmf2.tools.ConnectionAudit.main(String[])",1,6,11
"org.apache.qpid.qmf2.tools.ConnectionAudit.onEvent(WorkItem)",1,4,4
"org.apache.qpid.qmf2.tools.ConnectionAudit.readWhitelist()",3,14,14
"org.apache.qpid.qmf2.tools.ConnectionAudit.validateQueue(String,String,QmfConsoleData,String,String)",3,2,5
"org.apache.qpid.qmf2.tools.ConnectionAudit.validateQueue(String,String,String)",3,6,6
"org.apache.qpid.qmf2.tools.ConnectionLogger.ConnectionLogger(String,String,boolean)",1,2,2
"org.apache.qpid.qmf2.tools.ConnectionLogger.findById(List<QmfConsoleData>,ObjectId)",3,2,3
"org.apache.qpid.qmf2.tools.ConnectionLogger.logConnectionInformation()",1,9,9
"org.apache.qpid.qmf2.tools.ConnectionLogger.logQueueInformation(ObjectId)",1,8,9
"org.apache.qpid.qmf2.tools.ConnectionLogger.main(String[])",1,9,11
"org.apache.qpid.qmf2.tools.ConnectionLogger.onEvent(WorkItem)",1,7,8
"org.apache.qpid.qmf2.tools.QpidConfig.QpidConfig(String[])",6,37,53
"org.apache.qpid.qmf2.tools.QpidConfig.addExchange(String[])",1,7,7
"org.apache.qpid.qmf2.tools.QpidConfig.addQueue(String[])",1,18,19
"org.apache.qpid.qmf2.tools.QpidConfig.bind(String[])",10,19,20
"org.apache.qpid.qmf2.tools.QpidConfig.delExchange(String[])",1,3,3
"org.apache.qpid.qmf2.tools.QpidConfig.delQueue(String[])",6,8,11
"org.apache.qpid.qmf2.tools.QpidConfig.exchangeList(String)",1,16,17
"org.apache.qpid.qmf2.tools.QpidConfig.exchangeListRecurse(String)",1,9,10
"org.apache.qpid.qmf2.tools.QpidConfig.findById(List<QmfConsoleData>,ObjectId)",3,2,3
"org.apache.qpid.qmf2.tools.QpidConfig.main(String[])",1,1,2
"org.apache.qpid.qmf2.tools.QpidConfig.options()",1,1,1
"org.apache.qpid.qmf2.tools.QpidConfig.overview()",1,5,6
"org.apache.qpid.qmf2.tools.QpidConfig.queueList(String)",1,29,30
"org.apache.qpid.qmf2.tools.QpidConfig.queueListRecurse(String)",1,9,10
"org.apache.qpid.qmf2.tools.QpidConfig.unbind(String[])",1,3,4
"org.apache.qpid.qmf2.tools.QpidConfig.usage()",1,1,1
"org.apache.qpid.qmf2.tools.QpidCtrl.QpidCtrl(String,String,String,String,String,String,String,String)",4,11,11
"org.apache.qpid.qmf2.tools.QpidCtrl.main(String[])",1,19,22
"org.apache.qpid.qmf2.tools.QpidPrintEvents.QpidPrintEvents(String,String)",1,2,2
"org.apache.qpid.qmf2.tools.QpidPrintEvents.main(String[])",1,7,11
"org.apache.qpid.qmf2.tools.QpidPrintEvents.onEvent(WorkItem)",1,2,2
"org.apache.qpid.qmf2.tools.QpidQueueStats.QpidQueueStats(String,String,List<Pattern>)",1,4,4
"org.apache.qpid.qmf2.tools.QpidQueueStats.Stats.Stats(String,QmfConsoleData)",1,1,1
"org.apache.qpid.qmf2.tools.QpidQueueStats.Stats.getData()",1,1,1
"org.apache.qpid.qmf2.tools.QpidQueueStats.Stats.getName()",1,1,1
"org.apache.qpid.qmf2.tools.QpidQueueStats.Stats.setData(QmfConsoleData)",1,1,1
"org.apache.qpid.qmf2.tools.QpidQueueStats.createQueueSubscription()",1,1,2
"org.apache.qpid.qmf2.tools.QpidQueueStats.main(String[])",1,11,13
"org.apache.qpid.qmf2.tools.QpidQueueStats.onEvent(WorkItem)",10,15,18
"org.apache.qpid.qmf2.tools.QueueFuse.QueueFuse(String,String,List<Pattern>,float)",1,3,3
"org.apache.qpid.qmf2.tools.QueueFuse.main(String[])",1,11,17
"org.apache.qpid.qmf2.tools.QueueFuse.onEvent(WorkItem)",6,7,8
"org.apache.qpid.qmf2.tools.QueueFuse.purgeQueue(String,long)",3,4,5
"org.apache.qpid.qmf2.tools.QueueFuse.updateQueueCache()",1,2,2
"org.apache.qpid.qmf2.util.ConnectionHelper.ConnectionHelper()",1,1,1
"org.apache.qpid.qmf2.util.ConnectionHelper.adjustBrokerListOptions(String,String)",4,3,4
"org.apache.qpid.qmf2.util.ConnectionHelper.createConnection(String)",1,1,1
"org.apache.qpid.qmf2.util.ConnectionHelper.createConnection(String,String)",1,3,3
"org.apache.qpid.qmf2.util.ConnectionHelper.createConnectionURL(String)",1,1,1
"org.apache.qpid.qmf2.util.ConnectionHelper.createConnectionURL(String,String)",2,35,37
"org.apache.qpid.qmf2.util.ConnectionHelper.parseExtendedAMQPURL(String,String,String)",1,11,15
"org.apache.qpid.qmf2.util.ConnectionHelper.parseURL(String,String,String,String,String)",2,7,8
"org.apache.qpid.qmf2.util.GetOpt.GetOpt(String[],String,String[])",6,13,16
"org.apache.qpid.qmf2.util.GetOpt.getEncArgs()",1,1,1
"org.apache.qpid.qmf2.util.GetOpt.getOptList()",1,1,1
"org.apache.qpid.restapi.ConnectionProxy.ConnectionProxy(ConnectionStore,String,String,String,boolean)",1,1,1
"org.apache.qpid.restapi.ConnectionProxy.close()",1,2,2
"org.apache.qpid.restapi.ConnectionProxy.createConnection()",1,4,4
"org.apache.qpid.restapi.ConnectionProxy.getConnectionOptions()",1,1,1
"org.apache.qpid.restapi.ConnectionProxy.getConsole()",1,1,1
"org.apache.qpid.restapi.ConnectionProxy.getUrl()",1,1,1
"org.apache.qpid.restapi.ConnectionProxy.isConnected()",1,1,1
"org.apache.qpid.restapi.ConnectionProxy.onException(JMSException)",1,1,1
"org.apache.qpid.restapi.ConnectionProxy.run()",1,4,4
"org.apache.qpid.restapi.ConnectionProxy.toString()",1,1,1
"org.apache.qpid.restapi.ConnectionProxy.waitForConnection()",2,2,3
"org.apache.qpid.restapi.ConnectionProxy.waitForConnection(long)",1,1,2
"org.apache.qpid.restapi.ConnectionStore.create(String,String,String,boolean)",1,2,2
"org.apache.qpid.restapi.ConnectionStore.delete(String)",1,2,2
"org.apache.qpid.restapi.ConnectionStore.get(String)",1,1,1
"org.apache.qpid.restapi.ConnectionStore.getAll(String)",1,3,3
"org.apache.qpid.restapi.FileServer.FileServer(String,boolean)",1,1,1
"org.apache.qpid.restapi.FileServer.doDelete(HttpTransaction)",1,1,1
"org.apache.qpid.restapi.FileServer.doGet(HttpTransaction)",9,24,27
"org.apache.qpid.restapi.FileServer.doPost(HttpTransaction)",1,1,1
"org.apache.qpid.restapi.FileServer.doPut(HttpTransaction)",1,1,1
"org.apache.qpid.restapi.FileServer.encodeUri(String)",1,4,5
"org.apache.qpid.restapi.FileServer.renderNumber(float)",4,4,4
"org.apache.qpid.restapi.JSON.encodeMapContents(Map)",1,3,3
"org.apache.qpid.restapi.JSON.fromList(List)",1,3,3
"org.apache.qpid.restapi.JSON.fromMap(Map)",1,1,1
"org.apache.qpid.restapi.JSON.fromObject(Object)",10,10,10
"org.apache.qpid.restapi.JSON.fromQmfData(QmfData)",1,2,2
"org.apache.qpid.restapi.JSON.fromWorkItem(WorkItem)",1,2,2
"org.apache.qpid.restapi.JSON.toMap(String)",2,3,3
"org.apache.qpid.restapi.JSON.toQmfData(String)",1,1,1
"org.apache.qpid.restapi.JSONMapParser.JSONMapParser(String)",1,1,1
"org.apache.qpid.restapi.JSONMapParser.decode(String)",1,1,1
"org.apache.qpid.restapi.JSONMapParser.decode(String,int)",1,1,1
"org.apache.qpid.restapi.JSONMapParser.eat(Type...)",2,3,3
"org.apache.qpid.restapi.JSONMapParser.keyval(Map<Object, Object>)",1,1,1
"org.apache.qpid.restapi.JSONMapParser.lex(String)",1,1,1
"org.apache.qpid.restapi.JSONMapParser.list()",5,5,5
"org.apache.qpid.restapi.JSONMapParser.map()",6,6,6
"org.apache.qpid.restapi.JSONMapParser.matches(Type...)",3,2,3
"org.apache.qpid.restapi.JSONMapParser.next()",1,1,1
"org.apache.qpid.restapi.JSONMapParser.tok2obj(Token)",11,10,12
"org.apache.qpid.restapi.JSONMapParser.unquote(String,Token)",4,4,18
"org.apache.qpid.restapi.JSONMapParser.value()",4,4,4
"org.apache.qpid.restapi.JSONMapParser.wlex(String)",1,3,3
"org.apache.qpid.restapi.QpidRestAPI.QpidRestAPI(String,int,String,int,String)",1,2,3
"org.apache.qpid.restapi.QpidRestAPI.main(String[])",1,14,16
"org.apache.qpid.restapi.QpidServer.QpidServer(String)",1,1,1
"org.apache.qpid.restapi.QpidServer.doDelete(HttpTransaction)",1,2,2
"org.apache.qpid.restapi.QpidServer.doGet(HttpTransaction)",1,36,36
"org.apache.qpid.restapi.QpidServer.doPost(HttpTransaction)",1,9,12
"org.apache.qpid.restapi.QpidServer.doPut(HttpTransaction)",1,4,6
"org.apache.qpid.restapi.QpidServer.sendGetObjectsResponse(HttpTransaction,Console,String)",1,4,4
"org.apache.qpid.restapi.httpserver.Authenticator.Authenticator(String,String)",1,2,2
"org.apache.qpid.restapi.httpserver.Authenticator.CacheUpdater.run()",1,1,1
"org.apache.qpid.restapi.httpserver.Authenticator.checkAccountFile()",1,2,2
"org.apache.qpid.restapi.httpserver.Authenticator.checkCredentials(String,String)",2,2,3
"org.apache.qpid.restapi.httpserver.Authenticator.loadCache()",1,2,2
"org.apache.qpid.restapi.httpserver.Delegator.Delegator(Server)",1,1,1
"org.apache.qpid.restapi.httpserver.Delegator.handle(HttpExchange)",1,5,5
"org.apache.qpid.restapi.httpserver.HttpExchangeTransaction.HttpExchangeTransaction(HttpExchange)",1,1,1
"org.apache.qpid.restapi.httpserver.HttpExchangeTransaction.addCookie(String,String)",1,1,1
"org.apache.qpid.restapi.httpserver.HttpExchangeTransaction.getCookie(String)",5,3,5
"org.apache.qpid.restapi.httpserver.HttpExchangeTransaction.getHeader(String)",1,1,1
"org.apache.qpid.restapi.httpserver.HttpExchangeTransaction.getMethod()",1,1,1
"org.apache.qpid.restapi.httpserver.HttpExchangeTransaction.getPrincipal()",1,2,2
"org.apache.qpid.restapi.httpserver.HttpExchangeTransaction.getRemoteAddr()",1,1,1
"org.apache.qpid.restapi.httpserver.HttpExchangeTransaction.getRemoteHost()",1,1,1
"org.apache.qpid.restapi.httpserver.HttpExchangeTransaction.getRemotePort()",1,1,1
"org.apache.qpid.restapi.httpserver.HttpExchangeTransaction.getRequest()",1,2,2
"org.apache.qpid.restapi.httpserver.HttpExchangeTransaction.getRequestStream()",1,1,1
"org.apache.qpid.restapi.httpserver.HttpExchangeTransaction.getRequestString()",1,1,1
"org.apache.qpid.restapi.httpserver.HttpExchangeTransaction.getRequestURI()",1,1,1
"org.apache.qpid.restapi.httpserver.HttpExchangeTransaction.logRequest()",1,2,2
"org.apache.qpid.restapi.httpserver.HttpExchangeTransaction.sendResponse(int,String,InputStream)",4,3,4
"org.apache.qpid.restapi.httpserver.HttpExchangeTransaction.sendResponse(int,String,String)",1,2,2
"org.apache.qpid.restapi.httpserver.HttpExchangeTransaction.sendResponse(int,String,byte[])",1,2,2
"org.apache.qpid.restapi.httpserver.HttpExchangeTransaction.setHeader(String,String)",1,1,1
"org.apache.qpid.server.qmf2.QmfManagementAgent.QmfManagementAgent(String,Broker)",1,4,4
"org.apache.qpid.server.qmf2.QmfManagementAgent.addListenersForConnectionsAndChildren(VirtualHost<?, ?, ?>)",1,5,5
"org.apache.qpid.server.qmf2.QmfManagementAgent.addListenersForExchangesAndChildren(VirtualHost<?, ?, ?>)",1,7,7
"org.apache.qpid.server.qmf2.QmfManagementAgent.addListenersForQueuesAndChildren(VirtualHost<?, ?, ?>)",4,8,9
"org.apache.qpid.server.qmf2.QmfManagementAgent.attributeSet(ConfiguredObject,String,Object,Object)",1,1,1
"org.apache.qpid.server.qmf2.QmfManagementAgent.childAdded(ConfiguredObject,ConfiguredObject)",1,26,29
"org.apache.qpid.server.qmf2.QmfManagementAgent.childRemoved(ConfiguredObject,ConfiguredObject)",1,10,10
"org.apache.qpid.server.qmf2.QmfManagementAgent.close()",1,2,2
"org.apache.qpid.server.qmf2.QmfManagementAgent.isConnected()",1,1,1
"org.apache.qpid.server.qmf2.QmfManagementAgent.onEvent(WorkItem)",1,5,5
"org.apache.qpid.server.qmf2.QmfManagementAgent.registerConfigurationChangeListeners()",1,6,6
"org.apache.qpid.server.qmf2.QmfManagementAgent.stateChanged(ConfiguredObject,State,State)",1,1,1
"org.apache.qpid.server.qmf2.QmfManagementPluginImpl.QmfManagementPluginImpl(Map<String, Object>,Broker)",1,1,1
"org.apache.qpid.server.qmf2.QmfManagementPluginImpl.doStart()",1,9,9
"org.apache.qpid.server.qmf2.QmfManagementPluginImpl.doStop()",1,2,2
"org.apache.qpid.server.qmf2.QmfManagementPluginImpl.getConnectionURL()",1,1,1
"org.apache.qpid.server.qmf2.QmfManagementPluginImpl.onClose()",1,2,2
"org.apache.qpid.server.qmf2.QmfManagementPluginImpl.onOpen()",1,1,1
"org.apache.qpid.server.qmf2.agentdata.Binding.Binding(Binding)",1,3,3
"org.apache.qpid.server.qmf2.agentdata.Binding.createBindEvent()",1,1,1
"org.apache.qpid.server.qmf2.agentdata.Binding.createUnbindEvent()",1,1,1
"org.apache.qpid.server.qmf2.agentdata.Binding.getBindSchema()",1,1,1
"org.apache.qpid.server.qmf2.agentdata.Binding.getSchema()",1,1,1
"org.apache.qpid.server.qmf2.agentdata.Binding.getUnbindSchema()",1,1,1
"org.apache.qpid.server.qmf2.agentdata.Binding.mapEncode()",1,1,1
"org.apache.qpid.server.qmf2.agentdata.Binding.setExchangeRef(ObjectId)",1,1,1
"org.apache.qpid.server.qmf2.agentdata.Binding.setQueueRef(ObjectId)",1,1,1
"org.apache.qpid.server.qmf2.agentdata.Broker.Broker(Broker)",7,4,8
"org.apache.qpid.server.qmf2.agentdata.Broker.NameParser.NameParser(String,String)",4,9,16
"org.apache.qpid.server.qmf2.agentdata.Broker.NameParser.getBinding()",4,3,5
"org.apache.qpid.server.qmf2.agentdata.Broker.NameParser.getBindingKey()",1,1,1
"org.apache.qpid.server.qmf2.agentdata.Broker.NameParser.getExchange()",4,3,5
"org.apache.qpid.server.qmf2.agentdata.Broker.NameParser.getExchangeName()",1,1,1
"org.apache.qpid.server.qmf2.agentdata.Broker.NameParser.getQueue()",4,3,5
"org.apache.qpid.server.qmf2.agentdata.Broker.NameParser.getQueueName()",1,1,1
"org.apache.qpid.server.qmf2.agentdata.Broker.NameParser.getVirtualHost()",1,1,1
"org.apache.qpid.server.qmf2.agentdata.Broker.NameParser.getVirtualHostName()",1,1,1
"org.apache.qpid.server.qmf2.agentdata.Broker.getSchema()",1,1,1
"org.apache.qpid.server.qmf2.agentdata.Broker.invokeMethod(Agent,Handle,String,QmfData)",10,26,28
"org.apache.qpid.server.qmf2.agentdata.Broker.mapEncode()",1,1,1
"org.apache.qpid.server.qmf2.agentdata.Broker.parseAlternateExchange(String,Map<String, Object>)",3,3,5
"org.apache.qpid.server.qmf2.agentdata.Connection.Connection(VirtualHost,Connection)",1,5,5
"org.apache.qpid.server.qmf2.agentdata.Connection.createClientConnectEvent()",1,1,1
"org.apache.qpid.server.qmf2.agentdata.Connection.createClientDisconnectEvent()",1,1,1
"org.apache.qpid.server.qmf2.agentdata.Connection.getClientConnectSchema()",1,1,1
"org.apache.qpid.server.qmf2.agentdata.Connection.getClientDisconnectSchema()",1,1,1
"org.apache.qpid.server.qmf2.agentdata.Connection.getSchema()",1,1,1
"org.apache.qpid.server.qmf2.agentdata.Connection.mapEncode()",1,1,1
"org.apache.qpid.server.qmf2.agentdata.Exchange.Exchange(VirtualHost,Exchange)",1,2,4
"org.apache.qpid.server.qmf2.agentdata.Exchange.createExchangeDeclareEvent()",1,1,1
"org.apache.qpid.server.qmf2.agentdata.Exchange.createExchangeDeleteEvent()",1,1,1
"org.apache.qpid.server.qmf2.agentdata.Exchange.getExchange()",1,1,1
"org.apache.qpid.server.qmf2.agentdata.Exchange.getExchangeDeclareSchema()",1,1,1
"org.apache.qpid.server.qmf2.agentdata.Exchange.getExchangeDeleteSchema()",1,1,1
"org.apache.qpid.server.qmf2.agentdata.Exchange.getSchema()",1,1,1
"org.apache.qpid.server.qmf2.agentdata.Exchange.mapEncode()",1,3,4
"org.apache.qpid.server.qmf2.agentdata.Queue.Queue(VirtualHost,Queue)",1,2,4
"org.apache.qpid.server.qmf2.agentdata.Queue.createQueueDeclareEvent()",1,1,1
"org.apache.qpid.server.qmf2.agentdata.Queue.createQueueDeleteEvent()",1,1,1
"org.apache.qpid.server.qmf2.agentdata.Queue.getQueueDeclareSchema()",1,1,1
"org.apache.qpid.server.qmf2.agentdata.Queue.getQueueDeleteSchema()",1,1,1
"org.apache.qpid.server.qmf2.agentdata.Queue.getSchema()",1,1,1
"org.apache.qpid.server.qmf2.agentdata.Queue.invokeMethod(Agent,Handle,String,QmfData)",1,1,1
"org.apache.qpid.server.qmf2.agentdata.Queue.mapEncode()",1,3,3
"org.apache.qpid.server.qmf2.agentdata.Session.Session(Session,ObjectId)",1,1,1
"org.apache.qpid.server.qmf2.agentdata.Session.getSchema()",1,1,1
"org.apache.qpid.server.qmf2.agentdata.Session.mapEncode()",1,1,1
"org.apache.qpid.server.qmf2.agentdata.Subscription.Subscription(Consumer)",1,1,1
"org.apache.qpid.server.qmf2.agentdata.Subscription.createSubscribeEvent()",1,1,1
"org.apache.qpid.server.qmf2.agentdata.Subscription.createUnsubscribeEvent()",1,1,1
"org.apache.qpid.server.qmf2.agentdata.Subscription.getSchema()",1,1,1
"org.apache.qpid.server.qmf2.agentdata.Subscription.getSubscribeSchema()",1,1,1
"org.apache.qpid.server.qmf2.agentdata.Subscription.getUnsubscribeSchema()",1,1,1
"org.apache.qpid.server.qmf2.agentdata.Subscription.mapEncode()",1,1,1
"org.apache.qpid.server.qmf2.agentdata.Subscription.setQueueRef(ObjectId,Queue)",1,1,2
"org.apache.qpid.server.qmf2.agentdata.Subscription.setSessionRef(ObjectId)",1,1,1

Class,OCavg,WMC
"org.apache.qpid.qmf2.agent.Agent","3,06",101
"org.apache.qpid.qmf2.agent.Agent.Heartbeat","3,00",3
"org.apache.qpid.qmf2.agent.AgentExternal","1,40",14
"org.apache.qpid.qmf2.agent.MethodCallParams","1,33",8
"org.apache.qpid.qmf2.agent.MethodCallWorkItem","1,00",2
"org.apache.qpid.qmf2.agent.QmfAgentData","1,20",24
"org.apache.qpid.qmf2.agent.QueryWorkItem","1,00",3
"org.apache.qpid.qmf2.agent.ResubscribeParams","1,25",5
"org.apache.qpid.qmf2.agent.ResubscribeRequestWorkItem","1,00",2
"org.apache.qpid.qmf2.agent.SubscribeRequestWorkItem","1,00",2
"org.apache.qpid.qmf2.agent.Subscription","2,00",24
"org.apache.qpid.qmf2.agent.SubscriptionParams","1,00",6
"org.apache.qpid.qmf2.agent.UnsubscribeRequestWorkItem","1,00",2
"org.apache.qpid.qmf2.common.AMQPMessage","2,67",24
"org.apache.qpid.qmf2.common.BlockingNotifier","1,50",3
"org.apache.qpid.qmf2.common.BooleanEquals","1,25",5
"org.apache.qpid.qmf2.common.BooleanExists","1,00",4
"org.apache.qpid.qmf2.common.BooleanExpression","5,75",23
"org.apache.qpid.qmf2.common.BooleanFalse","1,00",3
"org.apache.qpid.qmf2.common.BooleanGreaterEqual","1,25",5
"org.apache.qpid.qmf2.common.BooleanGreaterThan","1,25",5
"org.apache.qpid.qmf2.common.BooleanLessEqual","1,25",5
"org.apache.qpid.qmf2.common.BooleanLessThan","1,25",5
"org.apache.qpid.qmf2.common.BooleanNotEquals","1,25",5
"org.apache.qpid.qmf2.common.BooleanRegexMatch","1,25",5
"org.apache.qpid.qmf2.common.BooleanTrue","1,00",3
"org.apache.qpid.qmf2.common.Expression","5,00",5
"org.apache.qpid.qmf2.common.Handle","1,00",5
"org.apache.qpid.qmf2.common.LogicalAnd","2,00",4
"org.apache.qpid.qmf2.common.LogicalExpression","3,00",3
"org.apache.qpid.qmf2.common.LogicalNot","2,00",4
"org.apache.qpid.qmf2.common.LogicalOr","2,00",4
"org.apache.qpid.qmf2.common.NotifierWrapper","1,00",2
"org.apache.qpid.qmf2.common.NullQmfEventListener","1,00",1
"org.apache.qpid.qmf2.common.ObjectId","1,40",14
"org.apache.qpid.qmf2.common.QmfData","2,00",46
"org.apache.qpid.qmf2.common.QmfDescribed","1,20",6
"org.apache.qpid.qmf2.common.QmfEvent","2,00",18
"org.apache.qpid.qmf2.common.QmfException","1,00",1
"org.apache.qpid.qmf2.common.QmfManaged","1,20",6
"org.apache.qpid.qmf2.common.QmfQuery","2,14",30
"org.apache.qpid.qmf2.common.QmfQueryTarget",n/a,0
"org.apache.qpid.qmf2.common.QmfType",n/a,0
"org.apache.qpid.qmf2.common.SchemaClass","1,14",8
"org.apache.qpid.qmf2.common.SchemaClassId","1,50",18
"org.apache.qpid.qmf2.common.SchemaEventClass","1,69",27
"org.apache.qpid.qmf2.common.SchemaMethod","1,81",29
"org.apache.qpid.qmf2.common.SchemaObjectClass","1,82",40
"org.apache.qpid.qmf2.common.SchemaProperty","2,53",48
"org.apache.qpid.qmf2.common.WorkItem","1,00",4
"org.apache.qpid.qmf2.common.WorkItem.WorkItemType",n/a,0
"org.apache.qpid.qmf2.common.WorkQueue","1,25",5
"org.apache.qpid.qmf2.console.Agent","1,61",50
"org.apache.qpid.qmf2.console.AgentAccessWorkItem","1,33",4
"org.apache.qpid.qmf2.console.AgentAddedWorkItem","1,00",1
"org.apache.qpid.qmf2.console.AgentDeletedWorkItem","1,00",1
"org.apache.qpid.qmf2.console.AgentHeartbeatWorkItem","1,00",1
"org.apache.qpid.qmf2.console.AgentRestartedWorkItem","1,00",1
"org.apache.qpid.qmf2.console.Console","3,50",189
"org.apache.qpid.qmf2.console.EventReceivedWorkItem","1,00",2
"org.apache.qpid.qmf2.console.MethodResponseWorkItem","1,00",2
"org.apache.qpid.qmf2.console.MethodResult","2,50",15
"org.apache.qpid.qmf2.console.ObjectUpdateWorkItem","1,00",2
"org.apache.qpid.qmf2.console.QmfConsoleData","1,87",28
"org.apache.qpid.qmf2.console.SubscribeIndication","1,00",3
"org.apache.qpid.qmf2.console.SubscribeParams","1,29",9
"org.apache.qpid.qmf2.console.SubscribeResponseWorkItem","1,00",2
"org.apache.qpid.qmf2.console.SubscriptionIndicationWorkItem","1,00",2
"org.apache.qpid.qmf2.console.SubscriptionManager","1,21",17
"org.apache.qpid.qmf2.test.AgentExternalTest","4,56",41
"org.apache.qpid.qmf2.test.AgentExternalTest.Reaper","3,00",3
"org.apache.qpid.qmf2.test.AgentSubscriptionTestConsole","4,33",13
"org.apache.qpid.qmf2.test.AgentTest","3,60",18
"org.apache.qpid.qmf2.test.AgentTestConsole","5,33",16
"org.apache.qpid.qmf2.test.BigPayloadAgentTest","1,80",9
"org.apache.qpid.qmf2.test.BigPayloadAgentTestConsole","3,00",9
"org.apache.qpid.qmf2.test.BrokerSubscriptionTestConsole","5,33",16
"org.apache.qpid.qmf2.test.InvokeMethodTest","2,00",6
"org.apache.qpid.qmf2.test.PartialGetObjectsTest","2,67",8
"org.apache.qpid.qmf2.test.SchemaTest","2,67",8
"org.apache.qpid.qmf2.test.Test1","4,50",9
"org.apache.qpid.qmf2.test.Test2","3,50",7
"org.apache.qpid.qmf2.test.Test3","1,00",2
"org.apache.qpid.qmf2.test.Test4","2,29",16
"org.apache.qpid.qmf2.test.URLTest","1,00",1
"org.apache.qpid.qmf2.tools.ConnectionAudit","5,12",41
"org.apache.qpid.qmf2.tools.ConnectionLogger","5,67",34
"org.apache.qpid.qmf2.tools.QpidConfig","10,38",166
"org.apache.qpid.qmf2.tools.QpidCtrl","12,00",24
"org.apache.qpid.qmf2.tools.QpidPrintEvents","3,67",11
"org.apache.qpid.qmf2.tools.QpidQueueStats","6,50",26
"org.apache.qpid.qmf2.tools.QpidQueueStats.Stats","1,00",4
"org.apache.qpid.qmf2.tools.QueueFuse","5,00",25
"org.apache.qpid.qmf2.util.ConnectionHelper","8,00",64
"org.apache.qpid.qmf2.util.GetOpt","4,67",14
"org.apache.qpid.restapi.ConnectionProxy","1,50",18
"org.apache.qpid.restapi.ConnectionStore","2,00",8
"org.apache.qpid.restapi.FileServer","4,86",34
"org.apache.qpid.restapi.JSON","3,00",24
"org.apache.qpid.restapi.JSONMapParser","4,14",58
"org.apache.qpid.restapi.QpidRestAPI","6,00",12
"org.apache.qpid.restapi.QpidServer","8,33",50
"org.apache.qpid.restapi.httpserver.Authenticator","1,75",7
"org.apache.qpid.restapi.httpserver.Authenticator.CacheUpdater","1,00",1
"org.apache.qpid.restapi.httpserver.Delegator","3,00",6
"org.apache.qpid.restapi.httpserver.HttpExchangeTransaction","1,67",30
"org.apache.qpid.server.qmf2.QmfManagementAgent","5,92",71
"org.apache.qpid.server.qmf2.QmfManagementPluginImpl","2,33",14
"org.apache.qpid.server.qmf2.agentdata.Binding","1,11",10
"org.apache.qpid.server.qmf2.agentdata.Broker","6,80",34
"org.apache.qpid.server.qmf2.agentdata.Broker.NameParser","3,56",32
"org.apache.qpid.server.qmf2.agentdata.Connection","1,57",11
"org.apache.qpid.server.qmf2.agentdata.Exchange","1,75",14
"org.apache.qpid.server.qmf2.agentdata.Queue","1,62",13
"org.apache.qpid.server.qmf2.agentdata.Session","1,00",3
"org.apache.qpid.server.qmf2.agentdata.Subscription","1,11",10

Package,v(G)avg,v(G)tot
"qpid-broker-plugins-management-qmf2.src.main.java.org.apache.qpid.server.qmf2","5,33",96
"qpid-broker-plugins-management-qmf2.src.main.java.org.apache.qpid.server.qmf2.agentdata","2,43",141
"qpid-qmf2-rest.src.main.java.org.apache.qpid.restapi","4,43",235
"qpid-qmf2-rest.src.main.java.org.apache.qpid.restapi.httpserver","1,84",46
"qpid-qmf2-test.src.main.java.org.apache.qpid.qmf2.test","4,18",230
"qpid-qmf2-tools.src.main.java.org.apache.qpid.qmf2.tools","8,52",409
"qpid-qmf2.src.main.java.org.apache.qpid.qmf2.agent","2,14",220
"qpid-qmf2.src.main.java.org.apache.qpid.qmf2.common","1,94",459
"qpid-qmf2.src.main.java.org.apache.qpid.qmf2.console","2,59",375
"qpid-qmf2.src.main.java.org.apache.qpid.qmf2.util","8,00",88

Module,v(G)avg,v(G)tot
"qpid","3,06",2.299

Project,v(G)avg,v(G)tot
"project","3,06",2.299

