com.android.ide.eclipse.adt.internal.editors.layout.gle2.ToggleViewOptionAction.run();com.android.ide.eclipse.adt.internal.editors.layout.gle2.ToggleViewOptionAction.ToggleViewOptionAction(String,int,boolean)
com.android.sdkmanager.Main.getBooleanReply(String);com.android.sdkmanager.Main.readLine(byte)
com.android.sdkmanager.Main.deleteAvd(),com.android.sdkmanager.Main.doAction();com.android.sdkmanager.Main.moveAvd()
com.android.sdkmanager.Main.moveAvd();com.android.sdkmanager.Main.deleteAvd()
com.android.sdkmanager.Main.displayAvdList(),com.android.sdkmanager.Main.doAction();com.android.sdkmanager.Main.moveAvd()
com.android.sdkmanager.Main.createAvd(),com.android.sdkmanager.Main.doAction();com.android.sdkmanager.Main.moveAvd()
com.android.sdkmanager.Main.doAction(),com.android.sdkmanager.Main.promptForHardware(IAndroidTarget);com.android.sdkmanager.Main.getBooleanReply(String)
com.android.sdkmanager.Main.doAction(),com.android.sdkmanager.Main.parseSdk();com.android.sdkmanager.Main.getBooleanReply(String)
com.android.sdkmanager.Main.doAction(),com.android.sdkmanager.Main.promptForHardware(IAndroidTarget);com.android.sdkmanager.Main.readLine(byte)
com.android.sdkmanager.Main.doAction(),com.android.sdkmanager.Main.parseSdk();com.android.sdkmanager.Main.readLine(byte)
com.android.sdkmanager.Main.getBooleanReply(String);com.android.sdkmanager.Main.promptForHardware(IAndroidTarget)
com.android.sdkmanager.Main.getBooleanReply(String);com.android.sdkmanager.Main.parseSdk()
com.android.sdkmanager.Main.readLine(byte);com.android.sdkmanager.Main.promptForHardware(IAndroidTarget)
com.android.sdkmanager.Main.readLine(byte);com.android.sdkmanager.Main.parseSdk()s
com.android.sdkmanager.Main.promptForHardware(IAndroidTarget);com.android.sdkmanager.Main.parseSdk()
com.android.sdkmanager.Main.createProject(),com.android.sdkmanager.Main.init();com.android.sdkmanager.Main.promptForHardware(IAndroidTarget)s
com.android.sdkmanager.Main.createProject(),com.android.sdkmanager.Main.init();com.android.sdkmanager.Main.parseSdk()
com.android.sdkmanager.Main.init(),com.android.sdkmanager.Main.updateProject();com.android.sdkmanager.Main.promptForHardware(IAndroidTarget)
com.android.sdkmanager.Main.init(),com.android.sdkmanager.Main.updateProject();com.android.sdkmanager.Main.parseSdk()
com.android.sdkmanager.Main.doAction(),com.android.sdkmanager.Main.init();com.android.sdkmanager.Main.getBooleanReply(String)
com.android.sdkmanager.Main.doAction(),com.android.sdkmanager.Main.init();com.android.sdkmanager.Main.readLine(byte)
com.android.sdkmanager.Main.displayTargetList(),com.android.sdkmanager.Main.init();com.android.sdkmanager.Main.promptForHardware(IAndroidTarget)
com.android.sdkmanager.Main.displayTargetList(),com.android.sdkmanager.Main.init();com.android.sdkmanager.Main.parseSdk()
com.android.sdkmanager.Main.displayAvdList(),com.android.sdkmanager.Main.doAction();com.android.sdkmanager.Main.deleteAvd()
com.android.sdkmanager.Main.createAvd(),com.android.sdkmanager.Main.doAction();com.android.sdkmanager.Main.deleteAvd()
com.android.ide.eclipse.adt.internal.editors.resources.manager.ConfigMatchTest.test1();com.android.ide.eclipse.adt.internal.editors.resources.manager.ConfigMatchTest.setUp()
com.android.sdkmanager.Main.getBooleanReply(String);com.android.sdkmanager.Main.init()
com.android.sdkmanager.Main.readLine(byte);com.android.sdkmanager.Main.init()
com.android.sdkmanager.Main.promptForHardware(IAndroidTarget);com.android.sdkmanager.Main.init()
com.android.sdkmanager.Main.parseSdk();com.android.sdkmanager.Main.init()
com.android.sdkmanager.Main.createProject(),com.android.sdkmanager.Main.promptForHardware(IAndroidTarget);com.android.sdkmanager.Main.updateProject()
com.android.sdkmanager.Main.createProject(),com.android.sdkmanager.Main.parseSdk();com.android.sdkmanager.Main.updateProject()
com.android.sdkmanager.Main.createProject(),com.android.sdkmanager.Main.init();com.android.sdkmanager.Main.updateProject()
com.android.sdkmanager.Main.createProject(),com.android.sdkmanager.Main.displayTargetList();com.android.sdkmanager.Main.updateProject()
com.android.sdkuilib.internal.repository.PackagesPage.sortBySource();com.android.sdkuilib.internal.repository.PackagesPage.loadPackages()
com.android.sdkmanager.CommandLineProcessor.printHelpAndExitForAction(String,String,String,Object);com.android.sdkmanager.CommandLineProcessor.parseArgs(String)
com.android.sdkmanager.Main.displayTargetList(),com.android.sdkmanager.Main.doAction();com.android.sdkmanager.Main.promptForHardware(IAndroidTarget)
com.android.sdkmanager.Main.displayTargetList(),com.android.sdkmanager.Main.doAction();com.android.sdkmanager.Main.parseSdk()
com.android.sdkmanager.Main.createAvd(),com.android.sdkmanager.Main.updateProject();com.android.sdkmanager.Main.createProject()
com.android.sdkmanager.Main.createAvd(),com.android.sdkmanager.Main.displayTargetList();com.android.sdkmanager.Main.updateProject()
com.android.sdkmanager.Main.displayTargetList(),com.android.sdkmanager.Main.doAction();com.android.sdkmanager.Main.init()
com.android.sdkmanager.Main.createAvd(),com.android.sdkmanager.Main.displayTargetList();com.android.sdkmanager.Main.createProject()
com.android.sdkmanager.Main.promptForHardware(IAndroidTarget);com.android.sdkmanager.Main.updateProject()
com.android.sdkmanager.Main.parseSdk();com.android.sdkmanager.Main.updateProject()
com.android.sdkmanager.Main.createProject();com.android.sdkmanager.Main.updateProject()
com.android.sdkmanager.Main.promptForHardware(IAndroidTarget);com.android.sdkmanager.Main.createProject()
com.android.sdkmanager.Main.parseSdk();com.android.sdkmanager.Main.createProject()
com.android.sdkmanager.Main.moveAvd();com.android.sdkmanager.Main.displayAvdList()
com.android.sdkmanager.Main.displaySkinList(IAndroidTarget,String);com.android.sdkmanager.Main.displayAvdList()
com.android.sdkmanager.Main.deleteAvd();com.android.sdkmanager.Main.displayAvdList()
com.android.sdkmanager.Main.createAvd(),com.android.sdkmanager.Main.doAction();com.android.sdkmanager.Main.displayAvdList()
com.android.sdklib.SdkManager.createManager(String,ISdkLog);com.android.sdklib.SdkManager.loadPlatform(File,ISdkLog)
com.android.sdkmanager.Main.createAvd(),com.android.sdkmanager.Main.displayTargetList();com.android.sdkmanager.Main.displayAvdList()
com.android.sdkmanager.Main.displayAvdList(),com.android.sdkmanager.Main.doAction();com.android.sdkmanager.Main.displayTargetList()
com.android.sdkmanager.Main.createAvd(),com.android.sdkmanager.Main.doAction();com.android.sdkmanager.Main.displayTargetList()
com.android.sdkmanager.Main.promptForHardware(IAndroidTarget);com.android.sdkmanager.Main.displayTargetList()
com.android.sdkmanager.Main.parseSdk();com.android.sdkmanager.Main.displayTargetList()
com.android.sdkmanager.Main.moveAvd();com.android.sdkmanager.Main.doAction()
com.android.sdkmanager.Main.getBooleanReply(String);com.android.sdkmanager.Main.doAction()
com.android.sdkmanager.Main.readLine(byte);com.android.sdkmanager.Main.doAction()
com.android.ide.eclipse.adt.internal.editors.layout.gle2.CanvasDropListener.processDropEvent(DropTargetEvent);com.android.ide.eclipse.adt.internal.editors.layout.gle2.CanvasDropListener.drop(DropTargetEvent)
com.android.sdkmanager.Main.init();com.android.sdkmanager.Main.doAction()
com.android.sdkmanager.Main.promptForHardware(IAndroidTarget);com.android.sdkmanager.Main.doAction()
com.android.sdkmanager.Main.parseSdk();com.android.sdkmanager.Main.doAction()
com.android.sdkmanager.Main.deleteAvd();com.android.sdkmanager.Main.doAction()
com.android.sdkmanager.Main.moveAvd();com.android.sdkmanager.Main.createAvd()
com.android.sdkmanager.Main.displaySkinList(IAndroidTarget,String);com.android.sdkmanager.Main.createAvd()
com.android.sdkmanager.Main.deleteAvd();com.android.sdkmanager.Main.createAvd()
com.android.sdkmanager.Main.displayAvdList();com.android.sdkmanager.Main.createAvd()
com.android.sdkmanager.Main.createProject();com.android.sdkmanager.Main.createAvd()
com.android.sdkmanager.Main.updateProject();com.android.sdkmanager.Main.createAvd()
